"1","4","http://www.yodobashi.com/p1/?word=%E3%82%A8%E3%83%AC%E3%82%B3%E3%83%A0"
"2","4","http://www.yodobashi.com/p2/?word=%E3%82%A8%E3%83%AC%E3%82%B3%E3%83%A0"
"3","4","http://www.yodobashi.com/p3/?word=%E3%82%A8%E3%83%AC%E3%82%B3%E3%83%A0"
"4","4","http://www.yodobashi.com/p4/?word=%E3%82%A8%E3%83%AC%E3%82%B3%E3%83%A0"
"5","4","http://www.yodobashi.com/p5/?word=%E3%82%A8%E3%83%AC%E3%82%B3%E3%83%A0"
"6","4","http://www.yodobashi.com/p6/?word=%E3%82%A8%E3%83%AC%E3%82%B3%E3%83%A0"
"7","4","http://www.yodobashi.com/p7/?word=%E3%82%A8%E3%83%AC%E3%82%B3%E3%83%A0"
"8","4","http://www.yodobashi.com/p8/?word=%E3%82%A8%E3%83%AC%E3%82%B3%E3%83%A0"
"9","4","http://www.yodobashi.com/p9/?word=%E3%82%A8%E3%83%AC%E3%82%B3%E3%83%A0"
"10","4","http://www.yodobashi.com/p10/?word=%E3%82%A8%E3%83%AC%E3%82%B3%E3%83%A0"
"11","4","http://www.yodobashi.com/p11/?word=%E3%82%A8%E3%83%AC%E3%82%B3%E3%83%A0"
"12","4","http://www.yodobashi.com/p12/?word=%E3%82%A8%E3%83%AC%E3%82%B3%E3%83%A0"
"13","4","http://www.yodobashi.com/p13/?word=%E3%82%A8%E3%83%AC%E3%82%B3%E3%83%A0"
"14","4","http://www.yodobashi.com/p14/?word=%E3%82%A8%E3%83%AC%E3%82%B3%E3%83%A0"
"15","4","http://www.yodobashi.com/p15/?word=%E3%82%A8%E3%83%AC%E3%82%B3%E3%83%A0"
"16","4","http://www.yodobashi.com/p16/?word=%E3%82%A8%E3%83%AC%E3%82%B3%E3%83%A0"
"17","4","http://www.yodobashi.com/p17/?word=%E3%82%A8%E3%83%AC%E3%82%B3%E3%83%A0"
"18","4","http://www.yodobashi.com/p18/?word=%E3%82%A8%E3%83%AC%E3%82%B3%E3%83%A0"
"19","4","http://www.yodobashi.com/p19/?word=%E3%82%A8%E3%83%AC%E3%82%B3%E3%83%A0"
"20","4","http://www.yodobashi.com/p20/?word=%E3%82%A8%E3%83%AC%E3%82%B3%E3%83%A0"
"21","4","http://www.yodobashi.com/p21/?word=%E3%82%A8%E3%83%AC%E3%82%B3%E3%83%A0"
"22","4","http://www.yodobashi.com/p22/?word=%E3%82%A8%E3%83%AC%E3%82%B3%E3%83%A0"
"23","4","http://www.yodobashi.com/p23/?word=%E3%82%A8%E3%83%AC%E3%82%B3%E3%83%A0"
"24","4","http://www.yodobashi.com/p24/?word=%E3%82%A8%E3%83%AC%E3%82%B3%E3%83%A0"
"25","4","http://www.yodobashi.com/p25/?word=%E3%82%A8%E3%83%AC%E3%82%B3%E3%83%A0"
"26","4","http://www.yodobashi.com/p26/?word=%E3%82%A8%E3%83%AC%E3%82%B3%E3%83%A0"
"27","4","http://www.yodobashi.com/p27/?word=%E3%82%A8%E3%83%AC%E3%82%B3%E3%83%A0"
"28","4","http://www.yodobashi.com/p28/?word=%E3%82%A8%E3%83%AC%E3%82%B3%E3%83%A0"
"29","4","http://www.yodobashi.com/p29/?word=%E3%82%A8%E3%83%AC%E3%82%B3%E3%83%A0"
"30","4","http://www.yodobashi.com/p30/?word=%E3%82%A8%E3%83%AC%E3%82%B3%E3%83%A0"
"31","4","http://www.yodobashi.com/p31/?word=%E3%82%A8%E3%83%AC%E3%82%B3%E3%83%A0"
"32","4","http://www.yodobashi.com/p32/?word=%E3%82%A8%E3%83%AC%E3%82%B3%E3%83%A0"
"33","4","http://www.yodobashi.com/p33/?word=%E3%82%A8%E3%83%AC%E3%82%B3%E3%83%A0"
"34","4","http://www.yodobashi.com/p34/?word=%E3%82%A8%E3%83%AC%E3%82%B3%E3%83%A0"
"35","4","http://www.yodobashi.com/p35/?word=%E3%82%A8%E3%83%AC%E3%82%B3%E3%83%A0"
"36","4","http://www.yodobashi.com/p36/?word=%E3%82%A8%E3%83%AC%E3%82%B3%E3%83%A0"
"37","4","http://www.yodobashi.com/p37/?word=%E3%82%A8%E3%83%AC%E3%82%B3%E3%83%A0"
"38","4","http://www.yodobashi.com/p38/?word=%E3%82%A8%E3%83%AC%E3%82%B3%E3%83%A0"
"39","4","http://www.yodobashi.com/p39/?word=%E3%82%A8%E3%83%AC%E3%82%B3%E3%83%A0"
"40","4","http://www.yodobashi.com/p40/?word=%E3%82%A8%E3%83%AC%E3%82%B3%E3%83%A0"
"41","4","http://www.yodobashi.com/p41/?word=%E3%82%A8%E3%83%AC%E3%82%B3%E3%83%A0"
"42","4","http://www.yodobashi.com/p42/?word=%E3%82%A8%E3%83%AC%E3%82%B3%E3%83%A0"
"43","4","http://www.yodobashi.com/p43/?word=%E3%82%A8%E3%83%AC%E3%82%B3%E3%83%A0"
"44","4","http://www.yodobashi.com/p44/?word=%E3%82%A8%E3%83%AC%E3%82%B3%E3%83%A0"
"45","4","http://www.yodobashi.com/p45/?word=%E3%82%A8%E3%83%AC%E3%82%B3%E3%83%A0"
"46","4","http://www.yodobashi.com/p46/?word=%E3%82%A8%E3%83%AC%E3%82%B3%E3%83%A0"
"47","4","http://www.yodobashi.com/p47/?word=%E3%82%A8%E3%83%AC%E3%82%B3%E3%83%A0"
"48","4","http://www.yodobashi.com/p48/?word=%E3%82%A8%E3%83%AC%E3%82%B3%E3%83%A0"
"49","4","http://www.yodobashi.com/p49/?word=%E3%82%A8%E3%83%AC%E3%82%B3%E3%83%A0"
"50","4","http://www.yodobashi.com/p50/?word=%E3%82%A8%E3%83%AC%E3%82%B3%E3%83%A0"
"51","4","http://www.yodobashi.com/p51/?word=%E3%82%A8%E3%83%AC%E3%82%B3%E3%83%A0"
"52","4","http://www.yodobashi.com/p52/?word=%E3%82%A8%E3%83%AC%E3%82%B3%E3%83%A0"
"53","4","http://www.yodobashi.com/p53/?word=%E3%82%A8%E3%83%AC%E3%82%B3%E3%83%A0"
"54","4","http://www.yodobashi.com/p54/?word=%E3%82%A8%E3%83%AC%E3%82%B3%E3%83%A0"
"55","4","http://www.yodobashi.com/p55/?word=%E3%82%A8%E3%83%AC%E3%82%B3%E3%83%A0"
"56","4","http://www.yodobashi.com/p56/?word=%E3%82%A8%E3%83%AC%E3%82%B3%E3%83%A0"
"57","4","http://www.yodobashi.com/p57/?word=%E3%82%A8%E3%83%AC%E3%82%B3%E3%83%A0"
"58","4","http://www.yodobashi.com/p58/?word=%E3%82%A8%E3%83%AC%E3%82%B3%E3%83%A0"
"59","4","http://www.yodobashi.com/p59/?word=%E3%82%A8%E3%83%AC%E3%82%B3%E3%83%A0"
"60","4","http://www.yodobashi.com/p60/?word=%E3%82%A8%E3%83%AC%E3%82%B3%E3%83%A0"
"61","4","http://www.yodobashi.com/p61/?word=%E3%82%A8%E3%83%AC%E3%82%B3%E3%83%A0"
"62","4","http://www.yodobashi.com/p62/?word=%E3%82%A8%E3%83%AC%E3%82%B3%E3%83%A0"
"63","4","http://www.yodobashi.com/p63/?word=%E3%82%A8%E3%83%AC%E3%82%B3%E3%83%A0"
"64","4","http://www.yodobashi.com/p64/?word=%E3%82%A8%E3%83%AC%E3%82%B3%E3%83%A0"
"65","4","http://www.yodobashi.com/p65/?word=%E3%82%A8%E3%83%AC%E3%82%B3%E3%83%A0"
"66","4","http://www.yodobashi.com/p66/?word=%E3%82%A8%E3%83%AC%E3%82%B3%E3%83%A0"
"67","4","http://www.yodobashi.com/p67/?word=%E3%82%A8%E3%83%AC%E3%82%B3%E3%83%A0"
"68","4","http://www.yodobashi.com/p68/?word=%E3%82%A8%E3%83%AC%E3%82%B3%E3%83%A0"
"69","4","http://www.yodobashi.com/p69/?word=%E3%82%A8%E3%83%AC%E3%82%B3%E3%83%A0"
"70","4","http://www.yodobashi.com/p70/?word=%E3%82%A8%E3%83%AC%E3%82%B3%E3%83%A0"
"71","4","http://www.yodobashi.com/p71/?word=%E3%82%A8%E3%83%AC%E3%82%B3%E3%83%A0"
"72","4","http://www.yodobashi.com/p72/?word=%E3%82%A8%E3%83%AC%E3%82%B3%E3%83%A0"
"73","4","http://www.yodobashi.com/p73/?word=%E3%82%A8%E3%83%AC%E3%82%B3%E3%83%A0"
"74","4","http://www.yodobashi.com/p74/?word=%E3%82%A8%E3%83%AC%E3%82%B3%E3%83%A0"
"75","4","http://www.yodobashi.com/p75/?word=%E3%82%A8%E3%83%AC%E3%82%B3%E3%83%A0"
"76","4","http://www.yodobashi.com/p76/?word=%E3%82%A8%E3%83%AC%E3%82%B3%E3%83%A0"
"77","4","http://www.yodobashi.com/p77/?word=%E3%82%A8%E3%83%AC%E3%82%B3%E3%83%A0"
"78","4","http://www.yodobashi.com/p78/?word=%E3%82%A8%E3%83%AC%E3%82%B3%E3%83%A0"
"79","4","http://www.yodobashi.com/p79/?word=%E3%82%A8%E3%83%AC%E3%82%B3%E3%83%A0"
"80","4","http://www.yodobashi.com/p80/?word=%E3%82%A8%E3%83%AC%E3%82%B3%E3%83%A0"
"81","4","http://www.yodobashi.com/p81/?word=%E3%82%A8%E3%83%AC%E3%82%B3%E3%83%A0"
"82","4","http://www.yodobashi.com/p82/?word=%E3%82%A8%E3%83%AC%E3%82%B3%E3%83%A0"
"83","4","http://www.yodobashi.com/p83/?word=%E3%82%A8%E3%83%AC%E3%82%B3%E3%83%A0"
"84","4","http://www.yodobashi.com/p84/?word=%E3%82%A8%E3%83%AC%E3%82%B3%E3%83%A0"
"85","4","http://www.yodobashi.com/p85/?word=%E3%82%A8%E3%83%AC%E3%82%B3%E3%83%A0"
"86","4","http://www.yodobashi.com/p86/?word=%E3%82%A8%E3%83%AC%E3%82%B3%E3%83%A0"
"87","4","http://www.yodobashi.com/p87/?word=%E3%82%A8%E3%83%AC%E3%82%B3%E3%83%A0"
"88","4","http://www.yodobashi.com/p88/?word=%E3%82%A8%E3%83%AC%E3%82%B3%E3%83%A0"
"89","4","http://www.yodobashi.com/p89/?word=%E3%82%A8%E3%83%AC%E3%82%B3%E3%83%A0"
"90","4","http://www.yodobashi.com/p90/?word=%E3%82%A8%E3%83%AC%E3%82%B3%E3%83%A0"
"91","4","http://www.yodobashi.com/p91/?word=%E3%82%A8%E3%83%AC%E3%82%B3%E3%83%A0"
"92","4","http://www.yodobashi.com/p92/?word=%E3%82%A8%E3%83%AC%E3%82%B3%E3%83%A0"
"93","4","http://www.yodobashi.com/p93/?word=%E3%82%A8%E3%83%AC%E3%82%B3%E3%83%A0"
"94","4","http://www.yodobashi.com/p94/?word=%E3%82%A8%E3%83%AC%E3%82%B3%E3%83%A0"
"95","4","http://www.yodobashi.com/p95/?word=%E3%82%A8%E3%83%AC%E3%82%B3%E3%83%A0"
"96","4","http://www.yodobashi.com/p96/?word=%E3%82%A8%E3%83%AC%E3%82%B3%E3%83%A0"
"97","4","http://www.yodobashi.com/p97/?word=%E3%82%A8%E3%83%AC%E3%82%B3%E3%83%A0"
"98","4","http://www.yodobashi.com/p98/?word=%E3%82%A8%E3%83%AC%E3%82%B3%E3%83%A0"
"99","4","http://www.yodobashi.com/p99/?word=%E3%82%A8%E3%83%AC%E3%82%B3%E3%83%A0"
"100","4","http://www.yodobashi.com/p100/?word=%E3%82%A8%E3%83%AC%E3%82%B3%E3%83%A0"
"101","4","http://www.yodobashi.com/p101/?word=%E3%82%A8%E3%83%AC%E3%82%B3%E3%83%A0"
"102","4","http://www.yodobashi.com/p102/?word=%E3%82%A8%E3%83%AC%E3%82%B3%E3%83%A0"
"103","4","http://www.yodobashi.com/p103/?word=%E3%82%A8%E3%83%AC%E3%82%B3%E3%83%A0"
"104","4","http://www.yodobashi.com/p104/?word=%E3%82%A8%E3%83%AC%E3%82%B3%E3%83%A0"
"105","4","http://www.yodobashi.com/p105/?word=%E3%82%A8%E3%83%AC%E3%82%B3%E3%83%A0"
"106","4","http://www.yodobashi.com/p106/?word=%E3%82%A8%E3%83%AC%E3%82%B3%E3%83%A0"
"107","4","http://www.yodobashi.com/p107/?word=%E3%82%A8%E3%83%AC%E3%82%B3%E3%83%A0"
"108","4","http://www.yodobashi.com/p108/?word=%E3%82%A8%E3%83%AC%E3%82%B3%E3%83%A0"
"109","4","http://www.yodobashi.com/p109/?word=%E3%82%A8%E3%83%AC%E3%82%B3%E3%83%A0"
"110","4","http://www.yodobashi.com/p110/?word=%E3%82%A8%E3%83%AC%E3%82%B3%E3%83%A0"
"111","4","http://www.yodobashi.com/p111/?word=%E3%82%A8%E3%83%AC%E3%82%B3%E3%83%A0"
"112","4","http://www.yodobashi.com/p112/?word=%E3%82%A8%E3%83%AC%E3%82%B3%E3%83%A0"
"113","4","http://www.yodobashi.com/p113/?word=%E3%82%A8%E3%83%AC%E3%82%B3%E3%83%A0"
"114","4","http://www.yodobashi.com/p114/?word=%E3%82%A8%E3%83%AC%E3%82%B3%E3%83%A0"
"115","4","http://www.yodobashi.com/p115/?word=%E3%82%A8%E3%83%AC%E3%82%B3%E3%83%A0"
"116","4","http://www.yodobashi.com/p116/?word=%E3%82%A8%E3%83%AC%E3%82%B3%E3%83%A0"
"117","4","http://www.yodobashi.com/p117/?word=%E3%82%A8%E3%83%AC%E3%82%B3%E3%83%A0"
"118","4","http://www.yodobashi.com/p118/?word=%E3%82%A8%E3%83%AC%E3%82%B3%E3%83%A0"
"119","4","http://www.yodobashi.com/p119/?word=%E3%82%A8%E3%83%AC%E3%82%B3%E3%83%A0"
"120","4","http://www.yodobashi.com/p120/?word=%E3%82%A8%E3%83%AC%E3%82%B3%E3%83%A0"
"121","4","http://www.yodobashi.com/p121/?word=%E3%82%A8%E3%83%AC%E3%82%B3%E3%83%A0"
"122","4","http://www.yodobashi.com/p122/?word=%E3%82%A8%E3%83%AC%E3%82%B3%E3%83%A0"
"123","4","http://www.yodobashi.com/p123/?word=%E3%82%A8%E3%83%AC%E3%82%B3%E3%83%A0"
"124","4","http://www.yodobashi.com/p124/?word=%E3%82%A8%E3%83%AC%E3%82%B3%E3%83%A0"
"125","4","http://www.yodobashi.com/p125/?word=%E3%82%A8%E3%83%AC%E3%82%B3%E3%83%A0"
"126","4","http://www.yodobashi.com/p126/?word=%E3%82%A8%E3%83%AC%E3%82%B3%E3%83%A0"
"127","4","http://www.yodobashi.com/p127/?word=%E3%82%A8%E3%83%AC%E3%82%B3%E3%83%A0"
"128","4","http://www.yodobashi.com/p128/?word=%E3%82%A8%E3%83%AC%E3%82%B3%E3%83%A0"
"129","4","http://www.yodobashi.com/p129/?word=%E3%82%A8%E3%83%AC%E3%82%B3%E3%83%A0"
"130","4","http://www.yodobashi.com/p130/?word=%E3%82%A8%E3%83%AC%E3%82%B3%E3%83%A0"
"131","4","http://www.yodobashi.com/p131/?word=%E3%82%A8%E3%83%AC%E3%82%B3%E3%83%A0"
"132","4","http://www.yodobashi.com/p132/?word=%E3%82%A8%E3%83%AC%E3%82%B3%E3%83%A0"
"133","4","http://www.yodobashi.com/p133/?word=%E3%82%A8%E3%83%AC%E3%82%B3%E3%83%A0"
"134","4","http://www.yodobashi.com/p134/?word=%E3%82%A8%E3%83%AC%E3%82%B3%E3%83%A0"
"135","4","http://www.yodobashi.com/p135/?word=%E3%82%A8%E3%83%AC%E3%82%B3%E3%83%A0"
"136","4","http://www.yodobashi.com/p136/?word=%E3%82%A8%E3%83%AC%E3%82%B3%E3%83%A0"
"137","4","http://www.yodobashi.com/p137/?word=%E3%82%A8%E3%83%AC%E3%82%B3%E3%83%A0"
"138","4","http://www.yodobashi.com/p138/?word=%E3%82%A8%E3%83%AC%E3%82%B3%E3%83%A0"
"139","4","http://www.yodobashi.com/p139/?word=%E3%82%A8%E3%83%AC%E3%82%B3%E3%83%A0"
"140","4","http://www.yodobashi.com/p140/?word=%E3%82%A8%E3%83%AC%E3%82%B3%E3%83%A0"
"141","4","http://www.yodobashi.com/p141/?word=%E3%82%A8%E3%83%AC%E3%82%B3%E3%83%A0"
"142","4","http://www.yodobashi.com/p142/?word=%E3%82%A8%E3%83%AC%E3%82%B3%E3%83%A0"
"143","4","http://www.yodobashi.com/p143/?word=%E3%82%A8%E3%83%AC%E3%82%B3%E3%83%A0"
"144","4","http://www.yodobashi.com/p144/?word=%E3%82%A8%E3%83%AC%E3%82%B3%E3%83%A0"
"145","4","http://www.yodobashi.com/p145/?word=%E3%82%A8%E3%83%AC%E3%82%B3%E3%83%A0"
"146","4","http://www.yodobashi.com/p146/?word=%E3%82%A8%E3%83%AC%E3%82%B3%E3%83%A0"
"147","4","http://www.yodobashi.com/p147/?word=%E3%82%A8%E3%83%AC%E3%82%B3%E3%83%A0"
"148","4","http://www.yodobashi.com/p148/?word=%E3%82%A8%E3%83%AC%E3%82%B3%E3%83%A0"
"149","4","http://www.yodobashi.com/p149/?word=%E3%82%A8%E3%83%AC%E3%82%B3%E3%83%A0"
"150","4","http://www.yodobashi.com/p150/?word=%E3%82%A8%E3%83%AC%E3%82%B3%E3%83%A0"
"151","4","http://www.yodobashi.com/p151/?word=%E3%82%A8%E3%83%AC%E3%82%B3%E3%83%A0"
"152","4","http://www.yodobashi.com/p152/?word=%E3%82%A8%E3%83%AC%E3%82%B3%E3%83%A0"
"153","4","http://www.yodobashi.com/p153/?word=%E3%82%A8%E3%83%AC%E3%82%B3%E3%83%A0"
"154","4","http://www.yodobashi.com/p154/?word=%E3%82%A8%E3%83%AC%E3%82%B3%E3%83%A0"
"155","4","http://www.yodobashi.com/p155/?word=%E3%82%A8%E3%83%AC%E3%82%B3%E3%83%A0"
"156","4","http://www.yodobashi.com/p156/?word=%E3%82%A8%E3%83%AC%E3%82%B3%E3%83%A0"
"157","4","http://www.yodobashi.com/p157/?word=%E3%82%A8%E3%83%AC%E3%82%B3%E3%83%A0"
"158","4","http://www.yodobashi.com/p158/?word=%E3%82%A8%E3%83%AC%E3%82%B3%E3%83%A0"
"159","4","http://www.yodobashi.com/p159/?word=%E3%82%A8%E3%83%AC%E3%82%B3%E3%83%A0"
"160","4","http://www.yodobashi.com/p160/?word=%E3%82%A8%E3%83%AC%E3%82%B3%E3%83%A0"
"161","4","http://www.yodobashi.com/p161/?word=%E3%82%A8%E3%83%AC%E3%82%B3%E3%83%A0"
"162","4","http://www.yodobashi.com/p162/?word=%E3%82%A8%E3%83%AC%E3%82%B3%E3%83%A0"
"163","4","http://www.yodobashi.com/p163/?word=%E3%82%A8%E3%83%AC%E3%82%B3%E3%83%A0"
"164","4","http://www.yodobashi.com/p164/?word=%E3%82%A8%E3%83%AC%E3%82%B3%E3%83%A0"
"165","4","http://www.yodobashi.com/p165/?word=%E3%82%A8%E3%83%AC%E3%82%B3%E3%83%A0"
"166","4","http://www.yodobashi.com/p166/?word=%E3%82%A8%E3%83%AC%E3%82%B3%E3%83%A0"
"167","4","http://www.yodobashi.com/p167/?word=%E3%82%A8%E3%83%AC%E3%82%B3%E3%83%A0"
"168","3","https://www.amazon.co.jp/s/ref=sr_pg_2/357-0333775-0307931?rh=i%3Aaps%2Ck%3A%E3%82%A8%E3%83%AC%E3%82%B3%E3%83%A0&page=1&sort=smooth-review-rank&keywords=%E3%82%A8%E3%83%AC%E3%82%B3%E3%83%A0&ie=UTF8&qid=1496672320"
"169","3","https://www.amazon.co.jp/s/ref=sr_pg_2/357-0333775-0307931?rh=i%3Aaps%2Ck%3A%E3%82%A8%E3%83%AC%E3%82%B3%E3%83%A0&page=2&sort=smooth-review-rank&keywords=%E3%82%A8%E3%83%AC%E3%82%B3%E3%83%A0&ie=UTF8&qid=1496672320"
"170","3","https://www.amazon.co.jp/s/ref=sr_pg_2/357-0333775-0307931?rh=i%3Aaps%2Ck%3A%E3%82%A8%E3%83%AC%E3%82%B3%E3%83%A0&page=3&sort=smooth-review-rank&keywords=%E3%82%A8%E3%83%AC%E3%82%B3%E3%83%A0&ie=UTF8&qid=1496672320"
"171","3","https://www.amazon.co.jp/s/ref=sr_pg_2/357-0333775-0307931?rh=i%3Aaps%2Ck%3A%E3%82%A8%E3%83%AC%E3%82%B3%E3%83%A0&page=4&sort=smooth-review-rank&keywords=%E3%82%A8%E3%83%AC%E3%82%B3%E3%83%A0&ie=UTF8&qid=1496672320"
"172","3","https://www.amazon.co.jp/s/ref=sr_pg_2/357-0333775-0307931?rh=i%3Aaps%2Ck%3A%E3%82%A8%E3%83%AC%E3%82%B3%E3%83%A0&page=5&sort=smooth-review-rank&keywords=%E3%82%A8%E3%83%AC%E3%82%B3%E3%83%A0&ie=UTF8&qid=1496672320"
"173","3","https://www.amazon.co.jp/s/ref=sr_pg_2/357-0333775-0307931?rh=i%3Aaps%2Ck%3A%E3%82%A8%E3%83%AC%E3%82%B3%E3%83%A0&page=6&sort=smooth-review-rank&keywords=%E3%82%A8%E3%83%AC%E3%82%B3%E3%83%A0&ie=UTF8&qid=1496672320"
"174","3","https://www.amazon.co.jp/s/ref=sr_pg_2/357-0333775-0307931?rh=i%3Aaps%2Ck%3A%E3%82%A8%E3%83%AC%E3%82%B3%E3%83%A0&page=7&sort=smooth-review-rank&keywords=%E3%82%A8%E3%83%AC%E3%82%B3%E3%83%A0&ie=UTF8&qid=1496672320"
"175","3","https://www.amazon.co.jp/s/ref=sr_pg_2/357-0333775-0307931?rh=i%3Aaps%2Ck%3A%E3%82%A8%E3%83%AC%E3%82%B3%E3%83%A0&page=8&sort=smooth-review-rank&keywords=%E3%82%A8%E3%83%AC%E3%82%B3%E3%83%A0&ie=UTF8&qid=1496672320"
"176","3","https://www.amazon.co.jp/s/ref=sr_pg_2/357-0333775-0307931?rh=i%3Aaps%2Ck%3A%E3%82%A8%E3%83%AC%E3%82%B3%E3%83%A0&page=9&sort=smooth-review-rank&keywords=%E3%82%A8%E3%83%AC%E3%82%B3%E3%83%A0&ie=UTF8&qid=1496672320"
"177","3","https://www.amazon.co.jp/s/ref=sr_pg_2/357-0333775-0307931?rh=i%3Aaps%2Ck%3A%E3%82%A8%E3%83%AC%E3%82%B3%E3%83%A0&page=10&sort=smooth-review-rank&keywords=%E3%82%A8%E3%83%AC%E3%82%B3%E3%83%A0&ie=UTF8&qid=1496672320"
"178","3","https://www.amazon.co.jp/s/ref=sr_pg_2/357-0333775-0307931?rh=i%3Aaps%2Ck%3A%E3%82%A8%E3%83%AC%E3%82%B3%E3%83%A0&page=11&sort=smooth-review-rank&keywords=%E3%82%A8%E3%83%AC%E3%82%B3%E3%83%A0&ie=UTF8&qid=1496672320"
"179","3","https://www.amazon.co.jp/s/ref=sr_pg_2/357-0333775-0307931?rh=i%3Aaps%2Ck%3A%E3%82%A8%E3%83%AC%E3%82%B3%E3%83%A0&page=12&sort=smooth-review-rank&keywords=%E3%82%A8%E3%83%AC%E3%82%B3%E3%83%A0&ie=UTF8&qid=1496672320"
"180","3","https://www.amazon.co.jp/s/ref=sr_pg_2/357-0333775-0307931?rh=i%3Aaps%2Ck%3A%E3%82%A8%E3%83%AC%E3%82%B3%E3%83%A0&page=13&sort=smooth-review-rank&keywords=%E3%82%A8%E3%83%AC%E3%82%B3%E3%83%A0&ie=UTF8&qid=1496672320"
"181","3","https://www.amazon.co.jp/s/ref=sr_pg_2/357-0333775-0307931?rh=i%3Aaps%2Ck%3A%E3%82%A8%E3%83%AC%E3%82%B3%E3%83%A0&page=14&sort=smooth-review-rank&keywords=%E3%82%A8%E3%83%AC%E3%82%B3%E3%83%A0&ie=UTF8&qid=1496672320"
"182","3","https://www.amazon.co.jp/s/ref=sr_pg_2/357-0333775-0307931?rh=i%3Aaps%2Ck%3A%E3%82%A8%E3%83%AC%E3%82%B3%E3%83%A0&page=15&sort=smooth-review-rank&keywords=%E3%82%A8%E3%83%AC%E3%82%B3%E3%83%A0&ie=UTF8&qid=1496672320"
"183","3","https://www.amazon.co.jp/s/ref=sr_pg_2/357-0333775-0307931?rh=i%3Aaps%2Ck%3A%E3%82%A8%E3%83%AC%E3%82%B3%E3%83%A0&page=16&sort=smooth-review-rank&keywords=%E3%82%A8%E3%83%AC%E3%82%B3%E3%83%A0&ie=UTF8&qid=1496672320"
"184","3","https://www.amazon.co.jp/s/ref=sr_pg_2/357-0333775-0307931?rh=i%3Aaps%2Ck%3A%E3%82%A8%E3%83%AC%E3%82%B3%E3%83%A0&page=17&sort=smooth-review-rank&keywords=%E3%82%A8%E3%83%AC%E3%82%B3%E3%83%A0&ie=UTF8&qid=1496672320"
"185","3","https://www.amazon.co.jp/s/ref=sr_pg_2/357-0333775-0307931?rh=i%3Aaps%2Ck%3A%E3%82%A8%E3%83%AC%E3%82%B3%E3%83%A0&page=18&sort=smooth-review-rank&keywords=%E3%82%A8%E3%83%AC%E3%82%B3%E3%83%A0&ie=UTF8&qid=1496672320"
"186","3","https://www.amazon.co.jp/s/ref=sr_pg_2/357-0333775-0307931?rh=i%3Aaps%2Ck%3A%E3%82%A8%E3%83%AC%E3%82%B3%E3%83%A0&page=19&sort=smooth-review-rank&keywords=%E3%82%A8%E3%83%AC%E3%82%B3%E3%83%A0&ie=UTF8&qid=1496672320"
"187","3","https://www.amazon.co.jp/s/ref=sr_pg_2/357-0333775-0307931?rh=i%3Aaps%2Ck%3A%E3%82%A8%E3%83%AC%E3%82%B3%E3%83%A0&page=20&sort=smooth-review-rank&keywords=%E3%82%A8%E3%83%AC%E3%82%B3%E3%83%A0&ie=UTF8&qid=1496672320"
"188","2","http://search.rakuten.co.jp/search/mall/%E3%82%A8%E3%83%AC%E3%82%B3%E3%83%A0/?p=1"
"189","2","http://search.rakuten.co.jp/search/mall/%E3%82%A8%E3%83%AC%E3%82%B3%E3%83%A0/?p=2"
"190","2","http://search.rakuten.co.jp/search/mall/%E3%82%A8%E3%83%AC%E3%82%B3%E3%83%A0/?p=3"
"191","2","http://search.rakuten.co.jp/search/mall/%E3%82%A8%E3%83%AC%E3%82%B3%E3%83%A0/?p=4"
"192","2","http://search.rakuten.co.jp/search/mall/%E3%82%A8%E3%83%AC%E3%82%B3%E3%83%A0/?p=5"
"193","2","http://search.rakuten.co.jp/search/mall/%E3%82%A8%E3%83%AC%E3%82%B3%E3%83%A0/?p=6"
"194","2","http://search.rakuten.co.jp/search/mall/%E3%82%A8%E3%83%AC%E3%82%B3%E3%83%A0/?p=7"
"195","2","http://search.rakuten.co.jp/search/mall/%E3%82%A8%E3%83%AC%E3%82%B3%E3%83%A0/?p=8"
"196","2","http://search.rakuten.co.jp/search/mall/%E3%82%A8%E3%83%AC%E3%82%B3%E3%83%A0/?p=9"
"197","2","http://search.rakuten.co.jp/search/mall/%E3%82%A8%E3%83%AC%E3%82%B3%E3%83%A0/?p=10"
"198","2","http://search.rakuten.co.jp/search/mall/%E3%82%A8%E3%83%AC%E3%82%B3%E3%83%A0/?p=11"
"199","2","http://search.rakuten.co.jp/search/mall/%E3%82%A8%E3%83%AC%E3%82%B3%E3%83%A0/?p=12"
"200","2","http://search.rakuten.co.jp/search/mall/%E3%82%A8%E3%83%AC%E3%82%B3%E3%83%A0/?p=13"
"201","2","http://search.rakuten.co.jp/search/mall/%E3%82%A8%E3%83%AC%E3%82%B3%E3%83%A0/?p=14"
"202","2","http://search.rakuten.co.jp/search/mall/%E3%82%A8%E3%83%AC%E3%82%B3%E3%83%A0/?p=15"
"203","2","http://search.rakuten.co.jp/search/mall/%E3%82%A8%E3%83%AC%E3%82%B3%E3%83%A0/?p=16"
"204","2","http://search.rakuten.co.jp/search/mall/%E3%82%A8%E3%83%AC%E3%82%B3%E3%83%A0/?p=17"
"205","2","http://search.rakuten.co.jp/search/mall/%E3%82%A8%E3%83%AC%E3%82%B3%E3%83%A0/?p=18"
"206","2","http://search.rakuten.co.jp/search/mall/%E3%82%A8%E3%83%AC%E3%82%B3%E3%83%A0/?p=19"
"207","2","http://search.rakuten.co.jp/search/mall/%E3%82%A8%E3%83%AC%E3%82%B3%E3%83%A0/?p=20"
"208","2","http://search.rakuten.co.jp/search/mall/%E3%82%A8%E3%83%AC%E3%82%B3%E3%83%A0/?p=21"
"209","2","http://search.rakuten.co.jp/search/mall/%E3%82%A8%E3%83%AC%E3%82%B3%E3%83%A0/?p=22"
"210","2","http://search.rakuten.co.jp/search/mall/%E3%82%A8%E3%83%AC%E3%82%B3%E3%83%A0/?p=23"
"211","2","http://search.rakuten.co.jp/search/mall/%E3%82%A8%E3%83%AC%E3%82%B3%E3%83%A0/?p=24"
"212","2","http://search.rakuten.co.jp/search/mall/%E3%82%A8%E3%83%AC%E3%82%B3%E3%83%A0/?p=25"
"213","2","http://search.rakuten.co.jp/search/mall/%E3%82%A8%E3%83%AC%E3%82%B3%E3%83%A0/?p=26"
"214","2","http://search.rakuten.co.jp/search/mall/%E3%82%A8%E3%83%AC%E3%82%B3%E3%83%A0/?p=27"
"215","2","http://search.rakuten.co.jp/search/mall/%E3%82%A8%E3%83%AC%E3%82%B3%E3%83%A0/?p=28"
"216","2","http://search.rakuten.co.jp/search/mall/%E3%82%A8%E3%83%AC%E3%82%B3%E3%83%A0/?p=29"
"217","2","http://search.rakuten.co.jp/search/mall/%E3%82%A8%E3%83%AC%E3%82%B3%E3%83%A0/?p=30"
"218","2","http://search.rakuten.co.jp/search/mall/%E3%82%A8%E3%83%AC%E3%82%B3%E3%83%A0/?p=31"
"219","2","http://search.rakuten.co.jp/search/mall/%E3%82%A8%E3%83%AC%E3%82%B3%E3%83%A0/?p=32"
"220","2","http://search.rakuten.co.jp/search/mall/%E3%82%A8%E3%83%AC%E3%82%B3%E3%83%A0/?p=33"
"221","2","http://search.rakuten.co.jp/search/mall/%E3%82%A8%E3%83%AC%E3%82%B3%E3%83%A0/?p=34"
"222","2","http://search.rakuten.co.jp/search/mall/%E3%82%A8%E3%83%AC%E3%82%B3%E3%83%A0/?p=35"
"223","2","http://search.rakuten.co.jp/search/mall/%E3%82%A8%E3%83%AC%E3%82%B3%E3%83%A0/?p=36"
"224","2","http://search.rakuten.co.jp/search/mall/%E3%82%A8%E3%83%AC%E3%82%B3%E3%83%A0/?p=37"
"225","2","http://search.rakuten.co.jp/search/mall/%E3%82%A8%E3%83%AC%E3%82%B3%E3%83%A0/?p=38"
"226","2","http://search.rakuten.co.jp/search/mall/%E3%82%A8%E3%83%AC%E3%82%B3%E3%83%A0/?p=39"
"227","2","http://search.rakuten.co.jp/search/mall/%E3%82%A8%E3%83%AC%E3%82%B3%E3%83%A0/?p=40"
"228","2","http://search.rakuten.co.jp/search/mall/%E3%82%A8%E3%83%AC%E3%82%B3%E3%83%A0/?p=41"
"229","2","http://search.rakuten.co.jp/search/mall/%E3%82%A8%E3%83%AC%E3%82%B3%E3%83%A0/?p=42"
"230","2","http://search.rakuten.co.jp/search/mall/%E3%82%A8%E3%83%AC%E3%82%B3%E3%83%A0/?p=43"
"231","2","http://search.rakuten.co.jp/search/mall/%E3%82%A8%E3%83%AC%E3%82%B3%E3%83%A0/?p=44"
"232","2","http://search.rakuten.co.jp/search/mall/%E3%82%A8%E3%83%AC%E3%82%B3%E3%83%A0/?p=45"
"233","2","http://search.rakuten.co.jp/search/mall/%E3%82%A8%E3%83%AC%E3%82%B3%E3%83%A0/?p=46"
"234","2","http://search.rakuten.co.jp/search/mall/%E3%82%A8%E3%83%AC%E3%82%B3%E3%83%A0/?p=47"
"235","2","http://search.rakuten.co.jp/search/mall/%E3%82%A8%E3%83%AC%E3%82%B3%E3%83%A0/?p=48"
"236","2","http://search.rakuten.co.jp/search/mall/%E3%82%A8%E3%83%AC%E3%82%B3%E3%83%A0/?p=49"
"237","2","http://search.rakuten.co.jp/search/mall/%E3%82%A8%E3%83%AC%E3%82%B3%E3%83%A0/?p=50"
"238","2","http://search.rakuten.co.jp/search/mall/%E3%82%A8%E3%83%AC%E3%82%B3%E3%83%A0/?p=51"
"239","2","http://search.rakuten.co.jp/search/mall/%E3%82%A8%E3%83%AC%E3%82%B3%E3%83%A0/?p=52"
"240","2","http://search.rakuten.co.jp/search/mall/%E3%82%A8%E3%83%AC%E3%82%B3%E3%83%A0/?p=53"
"241","2","http://search.rakuten.co.jp/search/mall/%E3%82%A8%E3%83%AC%E3%82%B3%E3%83%A0/?p=54"
"242","2","http://search.rakuten.co.jp/search/mall/%E3%82%A8%E3%83%AC%E3%82%B3%E3%83%A0/?p=55"
"243","2","http://search.rakuten.co.jp/search/mall/%E3%82%A8%E3%83%AC%E3%82%B3%E3%83%A0/?p=56"
"244","2","http://search.rakuten.co.jp/search/mall/%E3%82%A8%E3%83%AC%E3%82%B3%E3%83%A0/?p=57"
"245","2","http://search.rakuten.co.jp/search/mall/%E3%82%A8%E3%83%AC%E3%82%B3%E3%83%A0/?p=58"
"246","2","http://search.rakuten.co.jp/search/mall/%E3%82%A8%E3%83%AC%E3%82%B3%E3%83%A0/?p=59"
"247","2","http://search.rakuten.co.jp/search/mall/%E3%82%A8%E3%83%AC%E3%82%B3%E3%83%A0/?p=60"
"248","2","http://search.rakuten.co.jp/search/mall/%E3%82%A8%E3%83%AC%E3%82%B3%E3%83%A0/?p=61"
"249","2","http://search.rakuten.co.jp/search/mall/%E3%82%A8%E3%83%AC%E3%82%B3%E3%83%A0/?p=62"
"250","2","http://search.rakuten.co.jp/search/mall/%E3%82%A8%E3%83%AC%E3%82%B3%E3%83%A0/?p=63"
"251","2","http://search.rakuten.co.jp/search/mall/%E3%82%A8%E3%83%AC%E3%82%B3%E3%83%A0/?p=64"
"252","2","http://search.rakuten.co.jp/search/mall/%E3%82%A8%E3%83%AC%E3%82%B3%E3%83%A0/?p=65"
"253","2","http://search.rakuten.co.jp/search/mall/%E3%82%A8%E3%83%AC%E3%82%B3%E3%83%A0/?p=66"
"254","2","http://search.rakuten.co.jp/search/mall/%E3%82%A8%E3%83%AC%E3%82%B3%E3%83%A0/?p=67"
"255","2","http://search.rakuten.co.jp/search/mall/%E3%82%A8%E3%83%AC%E3%82%B3%E3%83%A0/?p=68"
"256","2","http://search.rakuten.co.jp/search/mall/%E3%82%A8%E3%83%AC%E3%82%B3%E3%83%A0/?p=69"
"257","2","http://search.rakuten.co.jp/search/mall/%E3%82%A8%E3%83%AC%E3%82%B3%E3%83%A0/?p=70"
"258","2","http://search.rakuten.co.jp/search/mall/%E3%82%A8%E3%83%AC%E3%82%B3%E3%83%A0/?p=71"
"259","2","http://search.rakuten.co.jp/search/mall/%E3%82%A8%E3%83%AC%E3%82%B3%E3%83%A0/?p=72"
"260","2","http://search.rakuten.co.jp/search/mall/%E3%82%A8%E3%83%AC%E3%82%B3%E3%83%A0/?p=73"
"261","2","http://search.rakuten.co.jp/search/mall/%E3%82%A8%E3%83%AC%E3%82%B3%E3%83%A0/?p=74"
"262","2","http://search.rakuten.co.jp/search/mall/%E3%82%A8%E3%83%AC%E3%82%B3%E3%83%A0/?p=75"
"263","2","http://search.rakuten.co.jp/search/mall/%E3%82%A8%E3%83%AC%E3%82%B3%E3%83%A0/?p=76"
"264","2","http://search.rakuten.co.jp/search/mall/%E3%82%A8%E3%83%AC%E3%82%B3%E3%83%A0/?p=77"
"265","2","http://search.rakuten.co.jp/search/mall/%E3%82%A8%E3%83%AC%E3%82%B3%E3%83%A0/?p=78"
"266","2","http://search.rakuten.co.jp/search/mall/%E3%82%A8%E3%83%AC%E3%82%B3%E3%83%A0/?p=79"
"267","2","http://search.rakuten.co.jp/search/mall/%E3%82%A8%E3%83%AC%E3%82%B3%E3%83%A0/?p=80"
"268","2","http://search.rakuten.co.jp/search/mall/%E3%82%A8%E3%83%AC%E3%82%B3%E3%83%A0/?p=81"
"269","2","http://search.rakuten.co.jp/search/mall/%E3%82%A8%E3%83%AC%E3%82%B3%E3%83%A0/?p=82"
"270","2","http://search.rakuten.co.jp/search/mall/%E3%82%A8%E3%83%AC%E3%82%B3%E3%83%A0/?p=83"
"271","2","http://search.rakuten.co.jp/search/mall/%E3%82%A8%E3%83%AC%E3%82%B3%E3%83%A0/?p=84"
"272","2","http://search.rakuten.co.jp/search/mall/%E3%82%A8%E3%83%AC%E3%82%B3%E3%83%A0/?p=85"
"273","2","http://search.rakuten.co.jp/search/mall/%E3%82%A8%E3%83%AC%E3%82%B3%E3%83%A0/?p=86"
"274","2","http://search.rakuten.co.jp/search/mall/%E3%82%A8%E3%83%AC%E3%82%B3%E3%83%A0/?p=87"
"275","2","http://search.rakuten.co.jp/search/mall/%E3%82%A8%E3%83%AC%E3%82%B3%E3%83%A0/?p=88"
"276","2","http://search.rakuten.co.jp/search/mall/%E3%82%A8%E3%83%AC%E3%82%B3%E3%83%A0/?p=89"
"277","2","http://search.rakuten.co.jp/search/mall/%E3%82%A8%E3%83%AC%E3%82%B3%E3%83%A0/?p=90"
"278","2","http://search.rakuten.co.jp/search/mall/%E3%82%A8%E3%83%AC%E3%82%B3%E3%83%A0/?p=91"
"279","2","http://search.rakuten.co.jp/search/mall/%E3%82%A8%E3%83%AC%E3%82%B3%E3%83%A0/?p=92"
"280","2","http://search.rakuten.co.jp/search/mall/%E3%82%A8%E3%83%AC%E3%82%B3%E3%83%A0/?p=93"
"281","2","http://search.rakuten.co.jp/search/mall/%E3%82%A8%E3%83%AC%E3%82%B3%E3%83%A0/?p=94"
"282","2","http://search.rakuten.co.jp/search/mall/%E3%82%A8%E3%83%AC%E3%82%B3%E3%83%A0/?p=95"
"283","2","http://search.rakuten.co.jp/search/mall/%E3%82%A8%E3%83%AC%E3%82%B3%E3%83%A0/?p=96"
"284","2","http://search.rakuten.co.jp/search/mall/%E3%82%A8%E3%83%AC%E3%82%B3%E3%83%A0/?p=97"
"285","2","http://search.rakuten.co.jp/search/mall/%E3%82%A8%E3%83%AC%E3%82%B3%E3%83%A0/?p=98"
"286","2","http://search.rakuten.co.jp/search/mall/%E3%82%A8%E3%83%AC%E3%82%B3%E3%83%A0/?p=99"
"287","2","http://search.rakuten.co.jp/search/mall/%E3%82%A8%E3%83%AC%E3%82%B3%E3%83%A0/?p=100"
"288","2","http://search.rakuten.co.jp/search/mall/%E3%82%A8%E3%83%AC%E3%82%B3%E3%83%A0/?p=101"
"289","2","http://search.rakuten.co.jp/search/mall/%E3%82%A8%E3%83%AC%E3%82%B3%E3%83%A0/?p=102"
"290","2","http://search.rakuten.co.jp/search/mall/%E3%82%A8%E3%83%AC%E3%82%B3%E3%83%A0/?p=103"
"291","2","http://search.rakuten.co.jp/search/mall/%E3%82%A8%E3%83%AC%E3%82%B3%E3%83%A0/?p=104"
"292","2","http://search.rakuten.co.jp/search/mall/%E3%82%A8%E3%83%AC%E3%82%B3%E3%83%A0/?p=105"
"293","2","http://search.rakuten.co.jp/search/mall/%E3%82%A8%E3%83%AC%E3%82%B3%E3%83%A0/?p=106"
"294","2","http://search.rakuten.co.jp/search/mall/%E3%82%A8%E3%83%AC%E3%82%B3%E3%83%A0/?p=107"
"295","2","http://search.rakuten.co.jp/search/mall/%E3%82%A8%E3%83%AC%E3%82%B3%E3%83%A0/?p=108"
"296","2","http://search.rakuten.co.jp/search/mall/%E3%82%A8%E3%83%AC%E3%82%B3%E3%83%A0/?p=109"
"297","2","http://search.rakuten.co.jp/search/mall/%E3%82%A8%E3%83%AC%E3%82%B3%E3%83%A0/?p=110"
"298","2","http://search.rakuten.co.jp/search/mall/%E3%82%A8%E3%83%AC%E3%82%B3%E3%83%A0/?p=111"
"299","2","http://search.rakuten.co.jp/search/mall/%E3%82%A8%E3%83%AC%E3%82%B3%E3%83%A0/?p=112"
"300","2","http://search.rakuten.co.jp/search/mall/%E3%82%A8%E3%83%AC%E3%82%B3%E3%83%A0/?p=113"
"301","2","http://search.rakuten.co.jp/search/mall/%E3%82%A8%E3%83%AC%E3%82%B3%E3%83%A0/?p=114"
"302","2","http://search.rakuten.co.jp/search/mall/%E3%82%A8%E3%83%AC%E3%82%B3%E3%83%A0/?p=115"
"303","2","http://search.rakuten.co.jp/search/mall/%E3%82%A8%E3%83%AC%E3%82%B3%E3%83%A0/?p=116"
"304","2","http://search.rakuten.co.jp/search/mall/%E3%82%A8%E3%83%AC%E3%82%B3%E3%83%A0/?p=117"
"305","2","http://search.rakuten.co.jp/search/mall/%E3%82%A8%E3%83%AC%E3%82%B3%E3%83%A0/?p=118"
"306","2","http://search.rakuten.co.jp/search/mall/%E3%82%A8%E3%83%AC%E3%82%B3%E3%83%A0/?p=119"
"307","2","http://search.rakuten.co.jp/search/mall/%E3%82%A8%E3%83%AC%E3%82%B3%E3%83%A0/?p=120"
"308","2","http://search.rakuten.co.jp/search/mall/%E3%82%A8%E3%83%AC%E3%82%B3%E3%83%A0/?p=121"
"309","2","http://search.rakuten.co.jp/search/mall/%E3%82%A8%E3%83%AC%E3%82%B3%E3%83%A0/?p=122"
"310","2","http://search.rakuten.co.jp/search/mall/%E3%82%A8%E3%83%AC%E3%82%B3%E3%83%A0/?p=123"
"311","2","http://search.rakuten.co.jp/search/mall/%E3%82%A8%E3%83%AC%E3%82%B3%E3%83%A0/?p=124"
"312","2","http://search.rakuten.co.jp/search/mall/%E3%82%A8%E3%83%AC%E3%82%B3%E3%83%A0/?p=125"
"313","2","http://search.rakuten.co.jp/search/mall/%E3%82%A8%E3%83%AC%E3%82%B3%E3%83%A0/?p=126"
"314","2","http://search.rakuten.co.jp/search/mall/%E3%82%A8%E3%83%AC%E3%82%B3%E3%83%A0/?p=127"
"315","2","http://search.rakuten.co.jp/search/mall/%E3%82%A8%E3%83%AC%E3%82%B3%E3%83%A0/?p=128"
"316","2","http://search.rakuten.co.jp/search/mall/%E3%82%A8%E3%83%AC%E3%82%B3%E3%83%A0/?p=129"
"317","2","http://search.rakuten.co.jp/search/mall/%E3%82%A8%E3%83%AC%E3%82%B3%E3%83%A0/?p=130"
"318","2","http://search.rakuten.co.jp/search/mall/%E3%82%A8%E3%83%AC%E3%82%B3%E3%83%A0/?p=131"
"319","2","http://search.rakuten.co.jp/search/mall/%E3%82%A8%E3%83%AC%E3%82%B3%E3%83%A0/?p=132"
"320","2","http://search.rakuten.co.jp/search/mall/%E3%82%A8%E3%83%AC%E3%82%B3%E3%83%A0/?p=133"
"321","2","http://search.rakuten.co.jp/search/mall/%E3%82%A8%E3%83%AC%E3%82%B3%E3%83%A0/?p=134"
"322","2","http://search.rakuten.co.jp/search/mall/%E3%82%A8%E3%83%AC%E3%82%B3%E3%83%A0/?p=135"
"323","2","http://search.rakuten.co.jp/search/mall/%E3%82%A8%E3%83%AC%E3%82%B3%E3%83%A0/?p=136"
"324","2","http://search.rakuten.co.jp/search/mall/%E3%82%A8%E3%83%AC%E3%82%B3%E3%83%A0/?p=137"
"325","2","http://search.rakuten.co.jp/search/mall/%E3%82%A8%E3%83%AC%E3%82%B3%E3%83%A0/?p=138"
"326","2","http://search.rakuten.co.jp/search/mall/%E3%82%A8%E3%83%AC%E3%82%B3%E3%83%A0/?p=139"
"327","2","http://search.rakuten.co.jp/search/mall/%E3%82%A8%E3%83%AC%E3%82%B3%E3%83%A0/?p=140"
"328","2","http://search.rakuten.co.jp/search/mall/%E3%82%A8%E3%83%AC%E3%82%B3%E3%83%A0/?p=141"
"329","2","http://search.rakuten.co.jp/search/mall/%E3%82%A8%E3%83%AC%E3%82%B3%E3%83%A0/?p=142"
"330","2","http://search.rakuten.co.jp/search/mall/%E3%82%A8%E3%83%AC%E3%82%B3%E3%83%A0/?p=143"
"331","2","http://search.rakuten.co.jp/search/mall/%E3%82%A8%E3%83%AC%E3%82%B3%E3%83%A0/?p=144"
"332","2","http://search.rakuten.co.jp/search/mall/%E3%82%A8%E3%83%AC%E3%82%B3%E3%83%A0/?p=145"
"333","2","http://search.rakuten.co.jp/search/mall/%E3%82%A8%E3%83%AC%E3%82%B3%E3%83%A0/?p=146"
"334","2","http://search.rakuten.co.jp/search/mall/%E3%82%A8%E3%83%AC%E3%82%B3%E3%83%A0/?p=147"
"335","2","http://search.rakuten.co.jp/search/mall/%E3%82%A8%E3%83%AC%E3%82%B3%E3%83%A0/?p=148"
"336","2","http://search.rakuten.co.jp/search/mall/%E3%82%A8%E3%83%AC%E3%82%B3%E3%83%A0/?p=149"
"337","2","http://search.rakuten.co.jp/search/mall/%E3%82%A8%E3%83%AC%E3%82%B3%E3%83%A0/?p=150"
"338","1","http://www.yamada-denkiweb.com/search/%E3%82%A8%E3%83%AC%E3%82%B3%E3%83%A0/?s9%5B%5D=yamadamobile&s9%5B%5D=ad&o=0"
"339","1","http://www.yamada-denkiweb.com/search/%E3%82%A8%E3%83%AC%E3%82%B3%E3%83%A0/?s9%5B%5D=yamadamobile&s9%5B%5D=ad&o=20"
"340","1","http://www.yamada-denkiweb.com/search/%E3%82%A8%E3%83%AC%E3%82%B3%E3%83%A0/?s9%5B%5D=yamadamobile&s9%5B%5D=ad&o=40"
"341","1","http://www.yamada-denkiweb.com/search/%E3%82%A8%E3%83%AC%E3%82%B3%E3%83%A0/?s9%5B%5D=yamadamobile&s9%5B%5D=ad&o=60"
"342","1","http://www.yamada-denkiweb.com/search/%E3%82%A8%E3%83%AC%E3%82%B3%E3%83%A0/?s9%5B%5D=yamadamobile&s9%5B%5D=ad&o=80"
"343","1","http://www.yamada-denkiweb.com/search/%E3%82%A8%E3%83%AC%E3%82%B3%E3%83%A0/?s9%5B%5D=yamadamobile&s9%5B%5D=ad&o=100"
"344","1","http://www.yamada-denkiweb.com/search/%E3%82%A8%E3%83%AC%E3%82%B3%E3%83%A0/?s9%5B%5D=yamadamobile&s9%5B%5D=ad&o=120"
"345","1","http://www.yamada-denkiweb.com/search/%E3%82%A8%E3%83%AC%E3%82%B3%E3%83%A0/?s9%5B%5D=yamadamobile&s9%5B%5D=ad&o=140"
"346","1","http://www.yamada-denkiweb.com/search/%E3%82%A8%E3%83%AC%E3%82%B3%E3%83%A0/?s9%5B%5D=yamadamobile&s9%5B%5D=ad&o=160"
"347","1","http://www.yamada-denkiweb.com/search/%E3%82%A8%E3%83%AC%E3%82%B3%E3%83%A0/?s9%5B%5D=yamadamobile&s9%5B%5D=ad&o=180"
"348","1","http://www.yamada-denkiweb.com/search/%E3%82%A8%E3%83%AC%E3%82%B3%E3%83%A0/?s9%5B%5D=yamadamobile&s9%5B%5D=ad&o=200"
"349","1","http://www.yamada-denkiweb.com/search/%E3%82%A8%E3%83%AC%E3%82%B3%E3%83%A0/?s9%5B%5D=yamadamobile&s9%5B%5D=ad&o=220"
"350","1","http://www.yamada-denkiweb.com/search/%E3%82%A8%E3%83%AC%E3%82%B3%E3%83%A0/?s9%5B%5D=yamadamobile&s9%5B%5D=ad&o=240"
"351","1","http://www.yamada-denkiweb.com/search/%E3%82%A8%E3%83%AC%E3%82%B3%E3%83%A0/?s9%5B%5D=yamadamobile&s9%5B%5D=ad&o=260"
"352","1","http://www.yamada-denkiweb.com/search/%E3%82%A8%E3%83%AC%E3%82%B3%E3%83%A0/?s9%5B%5D=yamadamobile&s9%5B%5D=ad&o=280"
"353","1","http://www.yamada-denkiweb.com/search/%E3%82%A8%E3%83%AC%E3%82%B3%E3%83%A0/?s9%5B%5D=yamadamobile&s9%5B%5D=ad&o=300"
"354","1","http://www.yamada-denkiweb.com/search/%E3%82%A8%E3%83%AC%E3%82%B3%E3%83%A0/?s9%5B%5D=yamadamobile&s9%5B%5D=ad&o=320"
"355","1","http://www.yamada-denkiweb.com/search/%E3%82%A8%E3%83%AC%E3%82%B3%E3%83%A0/?s9%5B%5D=yamadamobile&s9%5B%5D=ad&o=340"
"356","1","http://www.yamada-denkiweb.com/search/%E3%82%A8%E3%83%AC%E3%82%B3%E3%83%A0/?s9%5B%5D=yamadamobile&s9%5B%5D=ad&o=360"
"357","1","http://www.yamada-denkiweb.com/search/%E3%82%A8%E3%83%AC%E3%82%B3%E3%83%A0/?s9%5B%5D=yamadamobile&s9%5B%5D=ad&o=380"
"358","1","http://www.yamada-denkiweb.com/search/%E3%82%A8%E3%83%AC%E3%82%B3%E3%83%A0/?s9%5B%5D=yamadamobile&s9%5B%5D=ad&o=400"
"359","1","http://www.yamada-denkiweb.com/search/%E3%82%A8%E3%83%AC%E3%82%B3%E3%83%A0/?s9%5B%5D=yamadamobile&s9%5B%5D=ad&o=420"
"360","1","http://www.yamada-denkiweb.com/search/%E3%82%A8%E3%83%AC%E3%82%B3%E3%83%A0/?s9%5B%5D=yamadamobile&s9%5B%5D=ad&o=440"
"361","1","http://www.yamada-denkiweb.com/search/%E3%82%A8%E3%83%AC%E3%82%B3%E3%83%A0/?s9%5B%5D=yamadamobile&s9%5B%5D=ad&o=460"
"362","1","http://www.yamada-denkiweb.com/search/%E3%82%A8%E3%83%AC%E3%82%B3%E3%83%A0/?s9%5B%5D=yamadamobile&s9%5B%5D=ad&o=480"
"363","1","http://www.yamada-denkiweb.com/search/%E3%82%A8%E3%83%AC%E3%82%B3%E3%83%A0/?s9%5B%5D=yamadamobile&s9%5B%5D=ad&o=500"
"364","1","http://www.yamada-denkiweb.com/search/%E3%82%A8%E3%83%AC%E3%82%B3%E3%83%A0/?s9%5B%5D=yamadamobile&s9%5B%5D=ad&o=520"
"365","1","http://www.yamada-denkiweb.com/search/%E3%82%A8%E3%83%AC%E3%82%B3%E3%83%A0/?s9%5B%5D=yamadamobile&s9%5B%5D=ad&o=540"
"366","1","http://www.yamada-denkiweb.com/search/%E3%82%A8%E3%83%AC%E3%82%B3%E3%83%A0/?s9%5B%5D=yamadamobile&s9%5B%5D=ad&o=560"
"367","1","http://www.yamada-denkiweb.com/search/%E3%82%A8%E3%83%AC%E3%82%B3%E3%83%A0/?s9%5B%5D=yamadamobile&s9%5B%5D=ad&o=580"
"368","1","http://www.yamada-denkiweb.com/search/%E3%82%A8%E3%83%AC%E3%82%B3%E3%83%A0/?s9%5B%5D=yamadamobile&s9%5B%5D=ad&o=600"
"369","1","http://www.yamada-denkiweb.com/search/%E3%82%A8%E3%83%AC%E3%82%B3%E3%83%A0/?s9%5B%5D=yamadamobile&s9%5B%5D=ad&o=620"
"370","1","http://www.yamada-denkiweb.com/search/%E3%82%A8%E3%83%AC%E3%82%B3%E3%83%A0/?s9%5B%5D=yamadamobile&s9%5B%5D=ad&o=640"
"371","1","http://www.yamada-denkiweb.com/search/%E3%82%A8%E3%83%AC%E3%82%B3%E3%83%A0/?s9%5B%5D=yamadamobile&s9%5B%5D=ad&o=660"
"372","1","http://www.yamada-denkiweb.com/search/%E3%82%A8%E3%83%AC%E3%82%B3%E3%83%A0/?s9%5B%5D=yamadamobile&s9%5B%5D=ad&o=680"
"373","1","http://www.yamada-denkiweb.com/search/%E3%82%A8%E3%83%AC%E3%82%B3%E3%83%A0/?s9%5B%5D=yamadamobile&s9%5B%5D=ad&o=700"
"374","1","http://www.yamada-denkiweb.com/search/%E3%82%A8%E3%83%AC%E3%82%B3%E3%83%A0/?s9%5B%5D=yamadamobile&s9%5B%5D=ad&o=720"
"375","1","http://www.yamada-denkiweb.com/search/%E3%82%A8%E3%83%AC%E3%82%B3%E3%83%A0/?s9%5B%5D=yamadamobile&s9%5B%5D=ad&o=740"
"376","1","http://www.yamada-denkiweb.com/search/%E3%82%A8%E3%83%AC%E3%82%B3%E3%83%A0/?s9%5B%5D=yamadamobile&s9%5B%5D=ad&o=760"
"377","1","http://www.yamada-denkiweb.com/search/%E3%82%A8%E3%83%AC%E3%82%B3%E3%83%A0/?s9%5B%5D=yamadamobile&s9%5B%5D=ad&o=780"
"378","1","http://www.yamada-denkiweb.com/search/%E3%82%A8%E3%83%AC%E3%82%B3%E3%83%A0/?s9%5B%5D=yamadamobile&s9%5B%5D=ad&o=800"
"379","1","http://www.yamada-denkiweb.com/search/%E3%82%A8%E3%83%AC%E3%82%B3%E3%83%A0/?s9%5B%5D=yamadamobile&s9%5B%5D=ad&o=820"
"380","1","http://www.yamada-denkiweb.com/search/%E3%82%A8%E3%83%AC%E3%82%B3%E3%83%A0/?s9%5B%5D=yamadamobile&s9%5B%5D=ad&o=840"
"381","1","http://www.yamada-denkiweb.com/search/%E3%82%A8%E3%83%AC%E3%82%B3%E3%83%A0/?s9%5B%5D=yamadamobile&s9%5B%5D=ad&o=860"
"382","1","http://www.yamada-denkiweb.com/search/%E3%82%A8%E3%83%AC%E3%82%B3%E3%83%A0/?s9%5B%5D=yamadamobile&s9%5B%5D=ad&o=880"
"383","1","http://www.yamada-denkiweb.com/search/%E3%82%A8%E3%83%AC%E3%82%B3%E3%83%A0/?s9%5B%5D=yamadamobile&s9%5B%5D=ad&o=900"
"384","1","http://www.yamada-denkiweb.com/search/%E3%82%A8%E3%83%AC%E3%82%B3%E3%83%A0/?s9%5B%5D=yamadamobile&s9%5B%5D=ad&o=920"
"385","1","http://www.yamada-denkiweb.com/search/%E3%82%A8%E3%83%AC%E3%82%B3%E3%83%A0/?s9%5B%5D=yamadamobile&s9%5B%5D=ad&o=940"
"386","1","http://www.yamada-denkiweb.com/search/%E3%82%A8%E3%83%AC%E3%82%B3%E3%83%A0/?s9%5B%5D=yamadamobile&s9%5B%5D=ad&o=960"
"387","1","http://www.yamada-denkiweb.com/search/%E3%82%A8%E3%83%AC%E3%82%B3%E3%83%A0/?s9%5B%5D=yamadamobile&s9%5B%5D=ad&o=980"
"388","1","http://www.yamada-denkiweb.com/search/%E3%82%A8%E3%83%AC%E3%82%B3%E3%83%A0/?s9%5B%5D=yamadamobile&s9%5B%5D=ad&o=1000"
"389","1","http://www.yamada-denkiweb.com/search/%E3%82%A8%E3%83%AC%E3%82%B3%E3%83%A0/?s9%5B%5D=yamadamobile&s9%5B%5D=ad&o=1020"
"390","1","http://www.yamada-denkiweb.com/search/%E3%82%A8%E3%83%AC%E3%82%B3%E3%83%A0/?s9%5B%5D=yamadamobile&s9%5B%5D=ad&o=1040"
"391","1","http://www.yamada-denkiweb.com/search/%E3%82%A8%E3%83%AC%E3%82%B3%E3%83%A0/?s9%5B%5D=yamadamobile&s9%5B%5D=ad&o=1060"
"392","1","http://www.yamada-denkiweb.com/search/%E3%82%A8%E3%83%AC%E3%82%B3%E3%83%A0/?s9%5B%5D=yamadamobile&s9%5B%5D=ad&o=1080"
"393","1","http://www.yamada-denkiweb.com/search/%E3%82%A8%E3%83%AC%E3%82%B3%E3%83%A0/?s9%5B%5D=yamadamobile&s9%5B%5D=ad&o=1100"
"394","1","http://www.yamada-denkiweb.com/search/%E3%82%A8%E3%83%AC%E3%82%B3%E3%83%A0/?s9%5B%5D=yamadamobile&s9%5B%5D=ad&o=1120"
"395","1","http://www.yamada-denkiweb.com/search/%E3%82%A8%E3%83%AC%E3%82%B3%E3%83%A0/?s9%5B%5D=yamadamobile&s9%5B%5D=ad&o=1140"
"396","1","http://www.yamada-denkiweb.com/search/%E3%82%A8%E3%83%AC%E3%82%B3%E3%83%A0/?s9%5B%5D=yamadamobile&s9%5B%5D=ad&o=1160"
"397","1","http://www.yamada-denkiweb.com/search/%E3%82%A8%E3%83%AC%E3%82%B3%E3%83%A0/?s9%5B%5D=yamadamobile&s9%5B%5D=ad&o=1180"
"398","1","http://www.yamada-denkiweb.com/search/%E3%82%A8%E3%83%AC%E3%82%B3%E3%83%A0/?s9%5B%5D=yamadamobile&s9%5B%5D=ad&o=1200"
"399","1","http://www.yamada-denkiweb.com/search/%E3%82%A8%E3%83%AC%E3%82%B3%E3%83%A0/?s9%5B%5D=yamadamobile&s9%5B%5D=ad&o=1220"
"400","1","http://www.yamada-denkiweb.com/search/%E3%82%A8%E3%83%AC%E3%82%B3%E3%83%A0/?s9%5B%5D=yamadamobile&s9%5B%5D=ad&o=1240"
"401","1","http://www.yamada-denkiweb.com/search/%E3%82%A8%E3%83%AC%E3%82%B3%E3%83%A0/?s9%5B%5D=yamadamobile&s9%5B%5D=ad&o=1260"
"402","1","http://www.yamada-denkiweb.com/search/%E3%82%A8%E3%83%AC%E3%82%B3%E3%83%A0/?s9%5B%5D=yamadamobile&s9%5B%5D=ad&o=1280"
"403","1","http://www.yamada-denkiweb.com/search/%E3%82%A8%E3%83%AC%E3%82%B3%E3%83%A0/?s9%5B%5D=yamadamobile&s9%5B%5D=ad&o=1300"
"404","1","http://www.yamada-denkiweb.com/search/%E3%82%A8%E3%83%AC%E3%82%B3%E3%83%A0/?s9%5B%5D=yamadamobile&s9%5B%5D=ad&o=1320"
"405","1","http://www.yamada-denkiweb.com/search/%E3%82%A8%E3%83%AC%E3%82%B3%E3%83%A0/?s9%5B%5D=yamadamobile&s9%5B%5D=ad&o=1340"
"406","1","http://www.yamada-denkiweb.com/search/%E3%82%A8%E3%83%AC%E3%82%B3%E3%83%A0/?s9%5B%5D=yamadamobile&s9%5B%5D=ad&o=1360"
"407","1","http://www.yamada-denkiweb.com/search/%E3%82%A8%E3%83%AC%E3%82%B3%E3%83%A0/?s9%5B%5D=yamadamobile&s9%5B%5D=ad&o=1380"
"408","1","http://www.yamada-denkiweb.com/search/%E3%82%A8%E3%83%AC%E3%82%B3%E3%83%A0/?s9%5B%5D=yamadamobile&s9%5B%5D=ad&o=1400"
"409","1","http://www.yamada-denkiweb.com/search/%E3%82%A8%E3%83%AC%E3%82%B3%E3%83%A0/?s9%5B%5D=yamadamobile&s9%5B%5D=ad&o=1420"
"410","1","http://www.yamada-denkiweb.com/search/%E3%82%A8%E3%83%AC%E3%82%B3%E3%83%A0/?s9%5B%5D=yamadamobile&s9%5B%5D=ad&o=1440"
"411","1","http://www.yamada-denkiweb.com/search/%E3%82%A8%E3%83%AC%E3%82%B3%E3%83%A0/?s9%5B%5D=yamadamobile&s9%5B%5D=ad&o=1460"
"412","1","http://www.yamada-denkiweb.com/search/%E3%82%A8%E3%83%AC%E3%82%B3%E3%83%A0/?s9%5B%5D=yamadamobile&s9%5B%5D=ad&o=1480"
"413","1","http://www.yamada-denkiweb.com/search/%E3%82%A8%E3%83%AC%E3%82%B3%E3%83%A0/?s9%5B%5D=yamadamobile&s9%5B%5D=ad&o=1500"
"414","1","http://www.yamada-denkiweb.com/search/%E3%82%A8%E3%83%AC%E3%82%B3%E3%83%A0/?s9%5B%5D=yamadamobile&s9%5B%5D=ad&o=1520"
"415","1","http://www.yamada-denkiweb.com/search/%E3%82%A8%E3%83%AC%E3%82%B3%E3%83%A0/?s9%5B%5D=yamadamobile&s9%5B%5D=ad&o=1540"
"416","1","http://www.yamada-denkiweb.com/search/%E3%82%A8%E3%83%AC%E3%82%B3%E3%83%A0/?s9%5B%5D=yamadamobile&s9%5B%5D=ad&o=1560"
"417","1","http://www.yamada-denkiweb.com/search/%E3%82%A8%E3%83%AC%E3%82%B3%E3%83%A0/?s9%5B%5D=yamadamobile&s9%5B%5D=ad&o=1580"
"418","1","http://www.yamada-denkiweb.com/search/%E3%82%A8%E3%83%AC%E3%82%B3%E3%83%A0/?s9%5B%5D=yamadamobile&s9%5B%5D=ad&o=1600"
"419","1","http://www.yamada-denkiweb.com/search/%E3%82%A8%E3%83%AC%E3%82%B3%E3%83%A0/?s9%5B%5D=yamadamobile&s9%5B%5D=ad&o=1620"
"420","1","http://www.yamada-denkiweb.com/search/%E3%82%A8%E3%83%AC%E3%82%B3%E3%83%A0/?s9%5B%5D=yamadamobile&s9%5B%5D=ad&o=1640"
"421","1","http://www.yamada-denkiweb.com/search/%E3%82%A8%E3%83%AC%E3%82%B3%E3%83%A0/?s9%5B%5D=yamadamobile&s9%5B%5D=ad&o=1660"
"422","1","http://www.yamada-denkiweb.com/search/%E3%82%A8%E3%83%AC%E3%82%B3%E3%83%A0/?s9%5B%5D=yamadamobile&s9%5B%5D=ad&o=1680"
"423","1","http://www.yamada-denkiweb.com/search/%E3%82%A8%E3%83%AC%E3%82%B3%E3%83%A0/?s9%5B%5D=yamadamobile&s9%5B%5D=ad&o=1700"
"424","1","http://www.yamada-denkiweb.com/search/%E3%82%A8%E3%83%AC%E3%82%B3%E3%83%A0/?s9%5B%5D=yamadamobile&s9%5B%5D=ad&o=1720"
"425","1","http://www.yamada-denkiweb.com/search/%E3%82%A8%E3%83%AC%E3%82%B3%E3%83%A0/?s9%5B%5D=yamadamobile&s9%5B%5D=ad&o=1740"
"426","1","http://www.yamada-denkiweb.com/search/%E3%82%A8%E3%83%AC%E3%82%B3%E3%83%A0/?s9%5B%5D=yamadamobile&s9%5B%5D=ad&o=1760"
"427","1","http://www.yamada-denkiweb.com/search/%E3%82%A8%E3%83%AC%E3%82%B3%E3%83%A0/?s9%5B%5D=yamadamobile&s9%5B%5D=ad&o=1780"
"428","1","http://www.yamada-denkiweb.com/search/%E3%82%A8%E3%83%AC%E3%82%B3%E3%83%A0/?s9%5B%5D=yamadamobile&s9%5B%5D=ad&o=1800"
"429","1","http://www.yamada-denkiweb.com/search/%E3%82%A8%E3%83%AC%E3%82%B3%E3%83%A0/?s9%5B%5D=yamadamobile&s9%5B%5D=ad&o=1820"
"430","1","http://www.yamada-denkiweb.com/search/%E3%82%A8%E3%83%AC%E3%82%B3%E3%83%A0/?s9%5B%5D=yamadamobile&s9%5B%5D=ad&o=1840"
"431","1","http://www.yamada-denkiweb.com/search/%E3%82%A8%E3%83%AC%E3%82%B3%E3%83%A0/?s9%5B%5D=yamadamobile&s9%5B%5D=ad&o=1860"
"432","1","http://www.yamada-denkiweb.com/search/%E3%82%A8%E3%83%AC%E3%82%B3%E3%83%A0/?s9%5B%5D=yamadamobile&s9%5B%5D=ad&o=1880"
"433","1","http://www.yamada-denkiweb.com/search/%E3%82%A8%E3%83%AC%E3%82%B3%E3%83%A0/?s9%5B%5D=yamadamobile&s9%5B%5D=ad&o=1900"
"434","1","http://www.yamada-denkiweb.com/search/%E3%82%A8%E3%83%AC%E3%82%B3%E3%83%A0/?s9%5B%5D=yamadamobile&s9%5B%5D=ad&o=1920"
"435","1","http://www.yamada-denkiweb.com/search/%E3%82%A8%E3%83%AC%E3%82%B3%E3%83%A0/?s9%5B%5D=yamadamobile&s9%5B%5D=ad&o=1940"
"436","1","http://www.yamada-denkiweb.com/search/%E3%82%A8%E3%83%AC%E3%82%B3%E3%83%A0/?s9%5B%5D=yamadamobile&s9%5B%5D=ad&o=1960"
"437","1","http://www.yamada-denkiweb.com/search/%E3%82%A8%E3%83%AC%E3%82%B3%E3%83%A0/?s9%5B%5D=yamadamobile&s9%5B%5D=ad&o=1980"
"438","1","http://www.yamada-denkiweb.com/search/%E3%82%A8%E3%83%AC%E3%82%B3%E3%83%A0/?s9%5B%5D=yamadamobile&s9%5B%5D=ad&o=2000"
"439","1","http://www.yamada-denkiweb.com/search/%E3%82%A8%E3%83%AC%E3%82%B3%E3%83%A0/?s9%5B%5D=yamadamobile&s9%5B%5D=ad&o=2020"
"440","1","http://www.yamada-denkiweb.com/search/%E3%82%A8%E3%83%AC%E3%82%B3%E3%83%A0/?s9%5B%5D=yamadamobile&s9%5B%5D=ad&o=2040"
"441","1","http://www.yamada-denkiweb.com/search/%E3%82%A8%E3%83%AC%E3%82%B3%E3%83%A0/?s9%5B%5D=yamadamobile&s9%5B%5D=ad&o=2060"
"442","1","http://www.yamada-denkiweb.com/search/%E3%82%A8%E3%83%AC%E3%82%B3%E3%83%A0/?s9%5B%5D=yamadamobile&s9%5B%5D=ad&o=2080"
"443","1","http://www.yamada-denkiweb.com/search/%E3%82%A8%E3%83%AC%E3%82%B3%E3%83%A0/?s9%5B%5D=yamadamobile&s9%5B%5D=ad&o=2100"
"444","1","http://www.yamada-denkiweb.com/search/%E3%82%A8%E3%83%AC%E3%82%B3%E3%83%A0/?s9%5B%5D=yamadamobile&s9%5B%5D=ad&o=2120"
"445","1","http://www.yamada-denkiweb.com/search/%E3%82%A8%E3%83%AC%E3%82%B3%E3%83%A0/?s9%5B%5D=yamadamobile&s9%5B%5D=ad&o=2140"
"446","1","http://www.yamada-denkiweb.com/search/%E3%82%A8%E3%83%AC%E3%82%B3%E3%83%A0/?s9%5B%5D=yamadamobile&s9%5B%5D=ad&o=2160"
"447","1","http://www.yamada-denkiweb.com/search/%E3%82%A8%E3%83%AC%E3%82%B3%E3%83%A0/?s9%5B%5D=yamadamobile&s9%5B%5D=ad&o=2180"
"448","1","http://www.yamada-denkiweb.com/search/%E3%82%A8%E3%83%AC%E3%82%B3%E3%83%A0/?s9%5B%5D=yamadamobile&s9%5B%5D=ad&o=2200"
"449","1","http://www.yamada-denkiweb.com/search/%E3%82%A8%E3%83%AC%E3%82%B3%E3%83%A0/?s9%5B%5D=yamadamobile&s9%5B%5D=ad&o=2220"
"450","1","http://www.yamada-denkiweb.com/search/%E3%82%A8%E3%83%AC%E3%82%B3%E3%83%A0/?s9%5B%5D=yamadamobile&s9%5B%5D=ad&o=2240"
"451","1","http://www.yamada-denkiweb.com/search/%E3%82%A8%E3%83%AC%E3%82%B3%E3%83%A0/?s9%5B%5D=yamadamobile&s9%5B%5D=ad&o=2260"
"452","1","http://www.yamada-denkiweb.com/search/%E3%82%A8%E3%83%AC%E3%82%B3%E3%83%A0/?s9%5B%5D=yamadamobile&s9%5B%5D=ad&o=2280"
"453","1","http://www.yamada-denkiweb.com/search/%E3%82%A8%E3%83%AC%E3%82%B3%E3%83%A0/?s9%5B%5D=yamadamobile&s9%5B%5D=ad&o=2300"
"454","1","http://www.yamada-denkiweb.com/search/%E3%82%A8%E3%83%AC%E3%82%B3%E3%83%A0/?s9%5B%5D=yamadamobile&s9%5B%5D=ad&o=2320"
"455","1","http://www.yamada-denkiweb.com/search/%E3%82%A8%E3%83%AC%E3%82%B3%E3%83%A0/?s9%5B%5D=yamadamobile&s9%5B%5D=ad&o=2340"
"456","1","http://www.yamada-denkiweb.com/search/%E3%82%A8%E3%83%AC%E3%82%B3%E3%83%A0/?s9%5B%5D=yamadamobile&s9%5B%5D=ad&o=2360"
"457","1","http://www.yamada-denkiweb.com/search/%E3%82%A8%E3%83%AC%E3%82%B3%E3%83%A0/?s9%5B%5D=yamadamobile&s9%5B%5D=ad&o=2380"
"458","1","http://www.yamada-denkiweb.com/search/%E3%82%A8%E3%83%AC%E3%82%B3%E3%83%A0/?s9%5B%5D=yamadamobile&s9%5B%5D=ad&o=2400"
"459","1","http://www.yamada-denkiweb.com/search/%E3%82%A8%E3%83%AC%E3%82%B3%E3%83%A0/?s9%5B%5D=yamadamobile&s9%5B%5D=ad&o=2420"
"460","1","http://www.yamada-denkiweb.com/search/%E3%82%A8%E3%83%AC%E3%82%B3%E3%83%A0/?s9%5B%5D=yamadamobile&s9%5B%5D=ad&o=2440"
"461","1","http://www.yamada-denkiweb.com/search/%E3%82%A8%E3%83%AC%E3%82%B3%E3%83%A0/?s9%5B%5D=yamadamobile&s9%5B%5D=ad&o=2460"
"462","1","http://www.yamada-denkiweb.com/search/%E3%82%A8%E3%83%AC%E3%82%B3%E3%83%A0/?s9%5B%5D=yamadamobile&s9%5B%5D=ad&o=2480"
"463","1","http://www.yamada-denkiweb.com/search/%E3%82%A8%E3%83%AC%E3%82%B3%E3%83%A0/?s9%5B%5D=yamadamobile&s9%5B%5D=ad&o=2500"
"464","1","http://www.yamada-denkiweb.com/search/%E3%82%A8%E3%83%AC%E3%82%B3%E3%83%A0/?s9%5B%5D=yamadamobile&s9%5B%5D=ad&o=2520"
"465","1","http://www.yamada-denkiweb.com/search/%E3%82%A8%E3%83%AC%E3%82%B3%E3%83%A0/?s9%5B%5D=yamadamobile&s9%5B%5D=ad&o=2540"
"466","1","http://www.yamada-denkiweb.com/search/%E3%82%A8%E3%83%AC%E3%82%B3%E3%83%A0/?s9%5B%5D=yamadamobile&s9%5B%5D=ad&o=2560"
"467","1","http://www.yamada-denkiweb.com/search/%E3%82%A8%E3%83%AC%E3%82%B3%E3%83%A0/?s9%5B%5D=yamadamobile&s9%5B%5D=ad&o=2580"
"468","1","http://www.yamada-denkiweb.com/search/%E3%82%A8%E3%83%AC%E3%82%B3%E3%83%A0/?s9%5B%5D=yamadamobile&s9%5B%5D=ad&o=2600"
"469","1","http://www.yamada-denkiweb.com/search/%E3%82%A8%E3%83%AC%E3%82%B3%E3%83%A0/?s9%5B%5D=yamadamobile&s9%5B%5D=ad&o=2620"
"470","1","http://www.yamada-denkiweb.com/search/%E3%82%A8%E3%83%AC%E3%82%B3%E3%83%A0/?s9%5B%5D=yamadamobile&s9%5B%5D=ad&o=2640"
"471","1","http://www.yamada-denkiweb.com/search/%E3%82%A8%E3%83%AC%E3%82%B3%E3%83%A0/?s9%5B%5D=yamadamobile&s9%5B%5D=ad&o=2660"
"472","1","http://www.yamada-denkiweb.com/search/%E3%82%A8%E3%83%AC%E3%82%B3%E3%83%A0/?s9%5B%5D=yamadamobile&s9%5B%5D=ad&o=2680"
"473","1","http://www.yamada-denkiweb.com/search/%E3%82%A8%E3%83%AC%E3%82%B3%E3%83%A0/?s9%5B%5D=yamadamobile&s9%5B%5D=ad&o=2700"
"474","1","http://www.yamada-denkiweb.com/search/%E3%82%A8%E3%83%AC%E3%82%B3%E3%83%A0/?s9%5B%5D=yamadamobile&s9%5B%5D=ad&o=2720"
"475","1","http://www.yamada-denkiweb.com/search/%E3%82%A8%E3%83%AC%E3%82%B3%E3%83%A0/?s9%5B%5D=yamadamobile&s9%5B%5D=ad&o=2740"
"476","1","http://www.yamada-denkiweb.com/search/%E3%82%A8%E3%83%AC%E3%82%B3%E3%83%A0/?s9%5B%5D=yamadamobile&s9%5B%5D=ad&o=2760"
"477","1","http://www.yamada-denkiweb.com/search/%E3%82%A8%E3%83%AC%E3%82%B3%E3%83%A0/?s9%5B%5D=yamadamobile&s9%5B%5D=ad&o=2780"
"478","1","http://www.yamada-denkiweb.com/search/%E3%82%A8%E3%83%AC%E3%82%B3%E3%83%A0/?s9%5B%5D=yamadamobile&s9%5B%5D=ad&o=2800"
"479","1","http://www.yamada-denkiweb.com/search/%E3%82%A8%E3%83%AC%E3%82%B3%E3%83%A0/?s9%5B%5D=yamadamobile&s9%5B%5D=ad&o=2820"
"480","1","http://www.yamada-denkiweb.com/search/%E3%82%A8%E3%83%AC%E3%82%B3%E3%83%A0/?s9%5B%5D=yamadamobile&s9%5B%5D=ad&o=2840"
"481","1","http://www.yamada-denkiweb.com/search/%E3%82%A8%E3%83%AC%E3%82%B3%E3%83%A0/?s9%5B%5D=yamadamobile&s9%5B%5D=ad&o=2860"
"482","1","http://www.yamada-denkiweb.com/search/%E3%82%A8%E3%83%AC%E3%82%B3%E3%83%A0/?s9%5B%5D=yamadamobile&s9%5B%5D=ad&o=2880"
"483","1","http://www.yamada-denkiweb.com/search/%E3%82%A8%E3%83%AC%E3%82%B3%E3%83%A0/?s9%5B%5D=yamadamobile&s9%5B%5D=ad&o=2900"
"484","1","http://www.yamada-denkiweb.com/search/%E3%82%A8%E3%83%AC%E3%82%B3%E3%83%A0/?s9%5B%5D=yamadamobile&s9%5B%5D=ad&o=2920"
"485","1","http://www.yamada-denkiweb.com/search/%E3%82%A8%E3%83%AC%E3%82%B3%E3%83%A0/?s9%5B%5D=yamadamobile&s9%5B%5D=ad&o=2940"
"486","1","http://www.yamada-denkiweb.com/search/%E3%82%A8%E3%83%AC%E3%82%B3%E3%83%A0/?s9%5B%5D=yamadamobile&s9%5B%5D=ad&o=2960"
"487","1","http://www.yamada-denkiweb.com/search/%E3%82%A8%E3%83%AC%E3%82%B3%E3%83%A0/?s9%5B%5D=yamadamobile&s9%5B%5D=ad&o=2980"
"488","1","http://www.yamada-denkiweb.com/search/%E3%82%A8%E3%83%AC%E3%82%B3%E3%83%A0/?s9%5B%5D=yamadamobile&s9%5B%5D=ad&o=3000"
"489","1","http://www.yamada-denkiweb.com/search/%E3%82%A8%E3%83%AC%E3%82%B3%E3%83%A0/?s9%5B%5D=yamadamobile&s9%5B%5D=ad&o=3020"
"490","1","http://www.yamada-denkiweb.com/search/%E3%82%A8%E3%83%AC%E3%82%B3%E3%83%A0/?s9%5B%5D=yamadamobile&s9%5B%5D=ad&o=3040"
"491","1","http://www.yamada-denkiweb.com/search/%E3%82%A8%E3%83%AC%E3%82%B3%E3%83%A0/?s9%5B%5D=yamadamobile&s9%5B%5D=ad&o=3060"
"492","1","http://www.yamada-denkiweb.com/search/%E3%82%A8%E3%83%AC%E3%82%B3%E3%83%A0/?s9%5B%5D=yamadamobile&s9%5B%5D=ad&o=3080"
"493","1","http://www.yamada-denkiweb.com/search/%E3%82%A8%E3%83%AC%E3%82%B3%E3%83%A0/?s9%5B%5D=yamadamobile&s9%5B%5D=ad&o=3100"
"494","1","http://www.yamada-denkiweb.com/search/%E3%82%A8%E3%83%AC%E3%82%B3%E3%83%A0/?s9%5B%5D=yamadamobile&s9%5B%5D=ad&o=3120"
"495","1","http://www.yamada-denkiweb.com/search/%E3%82%A8%E3%83%AC%E3%82%B3%E3%83%A0/?s9%5B%5D=yamadamobile&s9%5B%5D=ad&o=3140"
"496","1","http://www.yamada-denkiweb.com/search/%E3%82%A8%E3%83%AC%E3%82%B3%E3%83%A0/?s9%5B%5D=yamadamobile&s9%5B%5D=ad&o=3160"
"497","1","http://www.yamada-denkiweb.com/search/%E3%82%A8%E3%83%AC%E3%82%B3%E3%83%A0/?s9%5B%5D=yamadamobile&s9%5B%5D=ad&o=3180"
"498","1","http://www.yamada-denkiweb.com/search/%E3%82%A8%E3%83%AC%E3%82%B3%E3%83%A0/?s9%5B%5D=yamadamobile&s9%5B%5D=ad&o=3200"
"499","1","http://www.yamada-denkiweb.com/search/%E3%82%A8%E3%83%AC%E3%82%B3%E3%83%A0/?s9%5B%5D=yamadamobile&s9%5B%5D=ad&o=3220"
"500","1","http://www.yamada-denkiweb.com/search/%E3%82%A8%E3%83%AC%E3%82%B3%E3%83%A0/?s9%5B%5D=yamadamobile&s9%5B%5D=ad&o=3240"
"501","1","http://www.yamada-denkiweb.com/search/%E3%82%A8%E3%83%AC%E3%82%B3%E3%83%A0/?s9%5B%5D=yamadamobile&s9%5B%5D=ad&o=3260"
"502","1","http://www.yamada-denkiweb.com/search/%E3%82%A8%E3%83%AC%E3%82%B3%E3%83%A0/?s9%5B%5D=yamadamobile&s9%5B%5D=ad&o=3280"
"503","1","http://www.yamada-denkiweb.com/search/%E3%82%A8%E3%83%AC%E3%82%B3%E3%83%A0/?s9%5B%5D=yamadamobile&s9%5B%5D=ad&o=3300"
"504","1","http://www.yamada-denkiweb.com/search/%E3%82%A8%E3%83%AC%E3%82%B3%E3%83%A0/?s9%5B%5D=yamadamobile&s9%5B%5D=ad&o=3320"
"505","1","http://www.yamada-denkiweb.com/search/%E3%82%A8%E3%83%AC%E3%82%B3%E3%83%A0/?s9%5B%5D=yamadamobile&s9%5B%5D=ad&o=3340"
"506","1","http://www.yamada-denkiweb.com/search/%E3%82%A8%E3%83%AC%E3%82%B3%E3%83%A0/?s9%5B%5D=yamadamobile&s9%5B%5D=ad&o=3360"
"507","1","http://www.yamada-denkiweb.com/search/%E3%82%A8%E3%83%AC%E3%82%B3%E3%83%A0/?s9%5B%5D=yamadamobile&s9%5B%5D=ad&o=3380"
"508","1","http://www.yamada-denkiweb.com/search/%E3%82%A8%E3%83%AC%E3%82%B3%E3%83%A0/?s9%5B%5D=yamadamobile&s9%5B%5D=ad&o=3400"
"509","1","http://www.yamada-denkiweb.com/search/%E3%82%A8%E3%83%AC%E3%82%B3%E3%83%A0/?s9%5B%5D=yamadamobile&s9%5B%5D=ad&o=3420"
"510","1","http://www.yamada-denkiweb.com/search/%E3%82%A8%E3%83%AC%E3%82%B3%E3%83%A0/?s9%5B%5D=yamadamobile&s9%5B%5D=ad&o=3440"
"511","1","http://www.yamada-denkiweb.com/search/%E3%82%A8%E3%83%AC%E3%82%B3%E3%83%A0/?s9%5B%5D=yamadamobile&s9%5B%5D=ad&o=3460"
"512","1","http://www.yamada-denkiweb.com/search/%E3%82%A8%E3%83%AC%E3%82%B3%E3%83%A0/?s9%5B%5D=yamadamobile&s9%5B%5D=ad&o=3480"
"513","1","http://www.yamada-denkiweb.com/search/%E3%82%A8%E3%83%AC%E3%82%B3%E3%83%A0/?s9%5B%5D=yamadamobile&s9%5B%5D=ad&o=3500"
"514","1","http://www.yamada-denkiweb.com/search/%E3%82%A8%E3%83%AC%E3%82%B3%E3%83%A0/?s9%5B%5D=yamadamobile&s9%5B%5D=ad&o=3520"
"515","1","http://www.yamada-denkiweb.com/search/%E3%82%A8%E3%83%AC%E3%82%B3%E3%83%A0/?s9%5B%5D=yamadamobile&s9%5B%5D=ad&o=3540"
"516","1","http://www.yamada-denkiweb.com/search/%E3%82%A8%E3%83%AC%E3%82%B3%E3%83%A0/?s9%5B%5D=yamadamobile&s9%5B%5D=ad&o=3560"
"517","1","http://www.yamada-denkiweb.com/search/%E3%82%A8%E3%83%AC%E3%82%B3%E3%83%A0/?s9%5B%5D=yamadamobile&s9%5B%5D=ad&o=3580"
"518","1","http://www.yamada-denkiweb.com/search/%E3%82%A8%E3%83%AC%E3%82%B3%E3%83%A0/?s9%5B%5D=yamadamobile&s9%5B%5D=ad&o=3600"
"519","1","http://www.yamada-denkiweb.com/search/%E3%82%A8%E3%83%AC%E3%82%B3%E3%83%A0/?s9%5B%5D=yamadamobile&s9%5B%5D=ad&o=3620"
"520","1","http://www.yamada-denkiweb.com/search/%E3%82%A8%E3%83%AC%E3%82%B3%E3%83%A0/?s9%5B%5D=yamadamobile&s9%5B%5D=ad&o=3640"
"521","1","http://www.yamada-denkiweb.com/search/%E3%82%A8%E3%83%AC%E3%82%B3%E3%83%A0/?s9%5B%5D=yamadamobile&s9%5B%5D=ad&o=3660"
"522","1","http://www.yamada-denkiweb.com/search/%E3%82%A8%E3%83%AC%E3%82%B3%E3%83%A0/?s9%5B%5D=yamadamobile&s9%5B%5D=ad&o=3680"
"523","1","http://www.yamada-denkiweb.com/search/%E3%82%A8%E3%83%AC%E3%82%B3%E3%83%A0/?s9%5B%5D=yamadamobile&s9%5B%5D=ad&o=3700"
"524","1","http://www.yamada-denkiweb.com/search/%E3%82%A8%E3%83%AC%E3%82%B3%E3%83%A0/?s9%5B%5D=yamadamobile&s9%5B%5D=ad&o=3720"
"525","1","http://www.yamada-denkiweb.com/search/%E3%82%A8%E3%83%AC%E3%82%B3%E3%83%A0/?s9%5B%5D=yamadamobile&s9%5B%5D=ad&o=3740"
"526","1","http://www.yamada-denkiweb.com/search/%E3%82%A8%E3%83%AC%E3%82%B3%E3%83%A0/?s9%5B%5D=yamadamobile&s9%5B%5D=ad&o=3760"
"527","1","http://www.yamada-denkiweb.com/search/%E3%82%A8%E3%83%AC%E3%82%B3%E3%83%A0/?s9%5B%5D=yamadamobile&s9%5B%5D=ad&o=3780"
"528","1","http://www.yamada-denkiweb.com/search/%E3%82%A8%E3%83%AC%E3%82%B3%E3%83%A0/?s9%5B%5D=yamadamobile&s9%5B%5D=ad&o=3800"
"529","1","http://www.yamada-denkiweb.com/search/%E3%82%A8%E3%83%AC%E3%82%B3%E3%83%A0/?s9%5B%5D=yamadamobile&s9%5B%5D=ad&o=3820"
"530","1","http://www.yamada-denkiweb.com/search/%E3%82%A8%E3%83%AC%E3%82%B3%E3%83%A0/?s9%5B%5D=yamadamobile&s9%5B%5D=ad&o=3840"
"531","1","http://www.yamada-denkiweb.com/search/%E3%82%A8%E3%83%AC%E3%82%B3%E3%83%A0/?s9%5B%5D=yamadamobile&s9%5B%5D=ad&o=3860"
"532","1","http://www.yamada-denkiweb.com/search/%E3%82%A8%E3%83%AC%E3%82%B3%E3%83%A0/?s9%5B%5D=yamadamobile&s9%5B%5D=ad&o=3880"
"533","1","http://www.yamada-denkiweb.com/search/%E3%82%A8%E3%83%AC%E3%82%B3%E3%83%A0/?s9%5B%5D=yamadamobile&s9%5B%5D=ad&o=3900"
"534","1","http://www.yamada-denkiweb.com/search/%E3%82%A8%E3%83%AC%E3%82%B3%E3%83%A0/?s9%5B%5D=yamadamobile&s9%5B%5D=ad&o=3920"
"535","1","http://www.yamada-denkiweb.com/search/%E3%82%A8%E3%83%AC%E3%82%B3%E3%83%A0/?s9%5B%5D=yamadamobile&s9%5B%5D=ad&o=3940"
"536","1","http://www.yamada-denkiweb.com/search/%E3%82%A8%E3%83%AC%E3%82%B3%E3%83%A0/?s9%5B%5D=yamadamobile&s9%5B%5D=ad&o=3960"
"537","1","http://www.yamada-denkiweb.com/search/%E3%82%A8%E3%83%AC%E3%82%B3%E3%83%A0/?s9%5B%5D=yamadamobile&s9%5B%5D=ad&o=3980"
"538","1","http://www.yamada-denkiweb.com/search/%E3%82%A8%E3%83%AC%E3%82%B3%E3%83%A0/?s9%5B%5D=yamadamobile&s9%5B%5D=ad&o=4000"
"539","1","http://www.yamada-denkiweb.com/search/%E3%82%A8%E3%83%AC%E3%82%B3%E3%83%A0/?s9%5B%5D=yamadamobile&s9%5B%5D=ad&o=4020"
"540","1","http://www.yamada-denkiweb.com/search/%E3%82%A8%E3%83%AC%E3%82%B3%E3%83%A0/?s9%5B%5D=yamadamobile&s9%5B%5D=ad&o=4040"
"541","1","http://www.yamada-denkiweb.com/search/%E3%82%A8%E3%83%AC%E3%82%B3%E3%83%A0/?s9%5B%5D=yamadamobile&s9%5B%5D=ad&o=4060"
"542","1","http://www.yamada-denkiweb.com/search/%E3%82%A8%E3%83%AC%E3%82%B3%E3%83%A0/?s9%5B%5D=yamadamobile&s9%5B%5D=ad&o=4080"
"543","1","http://www.yamada-denkiweb.com/search/%E3%82%A8%E3%83%AC%E3%82%B3%E3%83%A0/?s9%5B%5D=yamadamobile&s9%5B%5D=ad&o=4100"
"544","1","http://www.yamada-denkiweb.com/search/%E3%82%A8%E3%83%AC%E3%82%B3%E3%83%A0/?s9%5B%5D=yamadamobile&s9%5B%5D=ad&o=4120"
"545","1","http://www.yamada-denkiweb.com/search/%E3%82%A8%E3%83%AC%E3%82%B3%E3%83%A0/?s9%5B%5D=yamadamobile&s9%5B%5D=ad&o=4140"
"546","1","http://www.yamada-denkiweb.com/search/%E3%82%A8%E3%83%AC%E3%82%B3%E3%83%A0/?s9%5B%5D=yamadamobile&s9%5B%5D=ad&o=4160"
"547","1","http://www.yamada-denkiweb.com/search/%E3%82%A8%E3%83%AC%E3%82%B3%E3%83%A0/?s9%5B%5D=yamadamobile&s9%5B%5D=ad&o=4180"
"548","1","http://www.yamada-denkiweb.com/search/%E3%82%A8%E3%83%AC%E3%82%B3%E3%83%A0/?s9%5B%5D=yamadamobile&s9%5B%5D=ad&o=4200"
"549","1","http://www.yamada-denkiweb.com/search/%E3%82%A8%E3%83%AC%E3%82%B3%E3%83%A0/?s9%5B%5D=yamadamobile&s9%5B%5D=ad&o=4220"
"550","1","http://www.yamada-denkiweb.com/search/%E3%82%A8%E3%83%AC%E3%82%B3%E3%83%A0/?s9%5B%5D=yamadamobile&s9%5B%5D=ad&o=4240"
"551","1","http://www.yamada-denkiweb.com/search/%E3%82%A8%E3%83%AC%E3%82%B3%E3%83%A0/?s9%5B%5D=yamadamobile&s9%5B%5D=ad&o=4260"
"552","1","http://www.yamada-denkiweb.com/search/%E3%82%A8%E3%83%AC%E3%82%B3%E3%83%A0/?s9%5B%5D=yamadamobile&s9%5B%5D=ad&o=4280"
"553","1","http://www.yamada-denkiweb.com/search/%E3%82%A8%E3%83%AC%E3%82%B3%E3%83%A0/?s9%5B%5D=yamadamobile&s9%5B%5D=ad&o=4300"
"554","1","http://www.yamada-denkiweb.com/search/%E3%82%A8%E3%83%AC%E3%82%B3%E3%83%A0/?s9%5B%5D=yamadamobile&s9%5B%5D=ad&o=4320"
"555","1","http://www.yamada-denkiweb.com/search/%E3%82%A8%E3%83%AC%E3%82%B3%E3%83%A0/?s9%5B%5D=yamadamobile&s9%5B%5D=ad&o=4340"
"556","1","http://www.yamada-denkiweb.com/search/%E3%82%A8%E3%83%AC%E3%82%B3%E3%83%A0/?s9%5B%5D=yamadamobile&s9%5B%5D=ad&o=4360"
"557","1","http://www.yamada-denkiweb.com/search/%E3%82%A8%E3%83%AC%E3%82%B3%E3%83%A0/?s9%5B%5D=yamadamobile&s9%5B%5D=ad&o=4380"
"558","1","http://www.yamada-denkiweb.com/search/%E3%82%A8%E3%83%AC%E3%82%B3%E3%83%A0/?s9%5B%5D=yamadamobile&s9%5B%5D=ad&o=4400"
"559","1","http://www.yamada-denkiweb.com/search/%E3%82%A8%E3%83%AC%E3%82%B3%E3%83%A0/?s9%5B%5D=yamadamobile&s9%5B%5D=ad&o=4420"
"560","1","http://www.yamada-denkiweb.com/search/%E3%82%A8%E3%83%AC%E3%82%B3%E3%83%A0/?s9%5B%5D=yamadamobile&s9%5B%5D=ad&o=4440"
"561","1","http://www.yamada-denkiweb.com/search/%E3%82%A8%E3%83%AC%E3%82%B3%E3%83%A0/?s9%5B%5D=yamadamobile&s9%5B%5D=ad&o=4460"
"562","1","http://www.yamada-denkiweb.com/search/%E3%82%A8%E3%83%AC%E3%82%B3%E3%83%A0/?s9%5B%5D=yamadamobile&s9%5B%5D=ad&o=4480"
"563","1","http://www.yamada-denkiweb.com/search/%E3%82%A8%E3%83%AC%E3%82%B3%E3%83%A0/?s9%5B%5D=yamadamobile&s9%5B%5D=ad&o=4500"
"564","1","http://www.yamada-denkiweb.com/search/%E3%82%A8%E3%83%AC%E3%82%B3%E3%83%A0/?s9%5B%5D=yamadamobile&s9%5B%5D=ad&o=4520"
"565","1","http://www.yamada-denkiweb.com/search/%E3%82%A8%E3%83%AC%E3%82%B3%E3%83%A0/?s9%5B%5D=yamadamobile&s9%5B%5D=ad&o=4540"
"566","1","http://www.yamada-denkiweb.com/search/%E3%82%A8%E3%83%AC%E3%82%B3%E3%83%A0/?s9%5B%5D=yamadamobile&s9%5B%5D=ad&o=4560"
"567","1","http://www.yamada-denkiweb.com/search/%E3%82%A8%E3%83%AC%E3%82%B3%E3%83%A0/?s9%5B%5D=yamadamobile&s9%5B%5D=ad&o=4580"
"568","1","http://www.yamada-denkiweb.com/search/%E3%82%A8%E3%83%AC%E3%82%B3%E3%83%A0/?s9%5B%5D=yamadamobile&s9%5B%5D=ad&o=4600"
"569","1","http://www.yamada-denkiweb.com/search/%E3%82%A8%E3%83%AC%E3%82%B3%E3%83%A0/?s9%5B%5D=yamadamobile&s9%5B%5D=ad&o=4620"
"570","1","http://www.yamada-denkiweb.com/search/%E3%82%A8%E3%83%AC%E3%82%B3%E3%83%A0/?s9%5B%5D=yamadamobile&s9%5B%5D=ad&o=4640"
"571","1","http://www.yamada-denkiweb.com/search/%E3%82%A8%E3%83%AC%E3%82%B3%E3%83%A0/?s9%5B%5D=yamadamobile&s9%5B%5D=ad&o=4660"
"572","1","http://www.yamada-denkiweb.com/search/%E3%82%A8%E3%83%AC%E3%82%B3%E3%83%A0/?s9%5B%5D=yamadamobile&s9%5B%5D=ad&o=4680"
"573","1","http://www.yamada-denkiweb.com/search/%E3%82%A8%E3%83%AC%E3%82%B3%E3%83%A0/?s9%5B%5D=yamadamobile&s9%5B%5D=ad&o=4700"
"574","1","http://www.yamada-denkiweb.com/search/%E3%82%A8%E3%83%AC%E3%82%B3%E3%83%A0/?s9%5B%5D=yamadamobile&s9%5B%5D=ad&o=4720"
"575","1","http://www.yamada-denkiweb.com/search/%E3%82%A8%E3%83%AC%E3%82%B3%E3%83%A0/?s9%5B%5D=yamadamobile&s9%5B%5D=ad&o=4740"
"576","1","http://www.yamada-denkiweb.com/search/%E3%82%A8%E3%83%AC%E3%82%B3%E3%83%A0/?s9%5B%5D=yamadamobile&s9%5B%5D=ad&o=4760"
"577","1","http://www.yamada-denkiweb.com/search/%E3%82%A8%E3%83%AC%E3%82%B3%E3%83%A0/?s9%5B%5D=yamadamobile&s9%5B%5D=ad&o=4780"
"578","1","http://www.yamada-denkiweb.com/search/%E3%82%A8%E3%83%AC%E3%82%B3%E3%83%A0/?s9%5B%5D=yamadamobile&s9%5B%5D=ad&o=4800"
"579","1","http://www.yamada-denkiweb.com/search/%E3%82%A8%E3%83%AC%E3%82%B3%E3%83%A0/?s9%5B%5D=yamadamobile&s9%5B%5D=ad&o=4820"
"580","1","http://www.yamada-denkiweb.com/search/%E3%82%A8%E3%83%AC%E3%82%B3%E3%83%A0/?s9%5B%5D=yamadamobile&s9%5B%5D=ad&o=4840"
"581","1","http://www.yamada-denkiweb.com/search/%E3%82%A8%E3%83%AC%E3%82%B3%E3%83%A0/?s9%5B%5D=yamadamobile&s9%5B%5D=ad&o=4860"
"582","1","http://www.yamada-denkiweb.com/search/%E3%82%A8%E3%83%AC%E3%82%B3%E3%83%A0/?s9%5B%5D=yamadamobile&s9%5B%5D=ad&o=4880"
"583","1","http://www.yamada-denkiweb.com/search/%E3%82%A8%E3%83%AC%E3%82%B3%E3%83%A0/?s9%5B%5D=yamadamobile&s9%5B%5D=ad&o=4900"
"584","1","http://www.yamada-denkiweb.com/search/%E3%82%A8%E3%83%AC%E3%82%B3%E3%83%A0/?s9%5B%5D=yamadamobile&s9%5B%5D=ad&o=4920"
"585","1","http://www.yamada-denkiweb.com/search/%E3%82%A8%E3%83%AC%E3%82%B3%E3%83%A0/?s9%5B%5D=yamadamobile&s9%5B%5D=ad&o=4940"
"586","1","http://www.yamada-denkiweb.com/search/%E3%82%A8%E3%83%AC%E3%82%B3%E3%83%A0/?s9%5B%5D=yamadamobile&s9%5B%5D=ad&o=4960"
"587","1","http://www.yamada-denkiweb.com/search/%E3%82%A8%E3%83%AC%E3%82%B3%E3%83%A0/?s9%5B%5D=yamadamobile&s9%5B%5D=ad&o=4980"
"588","1","http://www.yamada-denkiweb.com/search/%E3%82%A8%E3%83%AC%E3%82%B3%E3%83%A0/?s9%5B%5D=yamadamobile&s9%5B%5D=ad&o=5000"
"589","1","http://www.yamada-denkiweb.com/search/%E3%82%A8%E3%83%AC%E3%82%B3%E3%83%A0/?s9%5B%5D=yamadamobile&s9%5B%5D=ad&o=5020"
"590","1","http://www.yamada-denkiweb.com/search/%E3%82%A8%E3%83%AC%E3%82%B3%E3%83%A0/?s9%5B%5D=yamadamobile&s9%5B%5D=ad&o=5040"
"591","1","http://www.yamada-denkiweb.com/search/%E3%82%A8%E3%83%AC%E3%82%B3%E3%83%A0/?s9%5B%5D=yamadamobile&s9%5B%5D=ad&o=5060"
"592","1","http://www.yamada-denkiweb.com/search/%E3%82%A8%E3%83%AC%E3%82%B3%E3%83%A0/?s9%5B%5D=yamadamobile&s9%5B%5D=ad&o=5080"
"593","1","http://www.yamada-denkiweb.com/search/%E3%82%A8%E3%83%AC%E3%82%B3%E3%83%A0/?s9%5B%5D=yamadamobile&s9%5B%5D=ad&o=5100"
"594","1","http://www.yamada-denkiweb.com/search/%E3%82%A8%E3%83%AC%E3%82%B3%E3%83%A0/?s9%5B%5D=yamadamobile&s9%5B%5D=ad&o=5120"
"595","1","http://www.yamada-denkiweb.com/search/%E3%82%A8%E3%83%AC%E3%82%B3%E3%83%A0/?s9%5B%5D=yamadamobile&s9%5B%5D=ad&o=5140"
"596","1","http://www.yamada-denkiweb.com/search/%E3%82%A8%E3%83%AC%E3%82%B3%E3%83%A0/?s9%5B%5D=yamadamobile&s9%5B%5D=ad&o=5160"
"597","1","http://www.yamada-denkiweb.com/search/%E3%82%A8%E3%83%AC%E3%82%B3%E3%83%A0/?s9%5B%5D=yamadamobile&s9%5B%5D=ad&o=5180"
"598","1","http://www.yamada-denkiweb.com/search/%E3%82%A8%E3%83%AC%E3%82%B3%E3%83%A0/?s9%5B%5D=yamadamobile&s9%5B%5D=ad&o=5200"
"599","1","http://www.yamada-denkiweb.com/search/%E3%82%A8%E3%83%AC%E3%82%B3%E3%83%A0/?s9%5B%5D=yamadamobile&s9%5B%5D=ad&o=5220"
"600","1","http://www.yamada-denkiweb.com/search/%E3%82%A8%E3%83%AC%E3%82%B3%E3%83%A0/?s9%5B%5D=yamadamobile&s9%5B%5D=ad&o=5240"
"601","1","http://www.yamada-denkiweb.com/search/%E3%82%A8%E3%83%AC%E3%82%B3%E3%83%A0/?s9%5B%5D=yamadamobile&s9%5B%5D=ad&o=5260"
"602","1","http://www.yamada-denkiweb.com/search/%E3%82%A8%E3%83%AC%E3%82%B3%E3%83%A0/?s9%5B%5D=yamadamobile&s9%5B%5D=ad&o=5280"
"603","1","http://www.yamada-denkiweb.com/search/%E3%82%A8%E3%83%AC%E3%82%B3%E3%83%A0/?s9%5B%5D=yamadamobile&s9%5B%5D=ad&o=5300"
"604","1","http://www.yamada-denkiweb.com/search/%E3%82%A8%E3%83%AC%E3%82%B3%E3%83%A0/?s9%5B%5D=yamadamobile&s9%5B%5D=ad&o=5320"
"605","1","http://www.yamada-denkiweb.com/search/%E3%82%A8%E3%83%AC%E3%82%B3%E3%83%A0/?s9%5B%5D=yamadamobile&s9%5B%5D=ad&o=5340"
"606","1","http://www.yamada-denkiweb.com/search/%E3%82%A8%E3%83%AC%E3%82%B3%E3%83%A0/?s9%5B%5D=yamadamobile&s9%5B%5D=ad&o=5360"
"607","1","http://www.yamada-denkiweb.com/search/%E3%82%A8%E3%83%AC%E3%82%B3%E3%83%A0/?s9%5B%5D=yamadamobile&s9%5B%5D=ad&o=5380"
"608","1","http://www.yamada-denkiweb.com/search/%E3%82%A8%E3%83%AC%E3%82%B3%E3%83%A0/?s9%5B%5D=yamadamobile&s9%5B%5D=ad&o=5400"
"609","1","http://www.yamada-denkiweb.com/search/%E3%82%A8%E3%83%AC%E3%82%B3%E3%83%A0/?s9%5B%5D=yamadamobile&s9%5B%5D=ad&o=5420"
"610","1","http://www.yamada-denkiweb.com/search/%E3%82%A8%E3%83%AC%E3%82%B3%E3%83%A0/?s9%5B%5D=yamadamobile&s9%5B%5D=ad&o=5440"
"611","1","http://www.yamada-denkiweb.com/search/%E3%82%A8%E3%83%AC%E3%82%B3%E3%83%A0/?s9%5B%5D=yamadamobile&s9%5B%5D=ad&o=5460"
"612","1","http://www.yamada-denkiweb.com/search/%E3%82%A8%E3%83%AC%E3%82%B3%E3%83%A0/?s9%5B%5D=yamadamobile&s9%5B%5D=ad&o=5480"
"613","1","http://www.yamada-denkiweb.com/search/%E3%82%A8%E3%83%AC%E3%82%B3%E3%83%A0/?s9%5B%5D=yamadamobile&s9%5B%5D=ad&o=5500"
"614","1","http://www.yamada-denkiweb.com/search/%E3%82%A8%E3%83%AC%E3%82%B3%E3%83%A0/?s9%5B%5D=yamadamobile&s9%5B%5D=ad&o=5520"
"615","1","http://www.yamada-denkiweb.com/search/%E3%82%A8%E3%83%AC%E3%82%B3%E3%83%A0/?s9%5B%5D=yamadamobile&s9%5B%5D=ad&o=5540"